World Cup Country,Country Slug,Transfermarkt Verein Code,Player Name,Position,Age,Current Club,Market Value
France,frankreich,3377,Robin Risser,Goalkeeper,21,RC Lens,€30.00m
France,frankreich,3377,Mike Maignan,Goalkeeper,30,AC Milan,€20.00m
France,frankreich,3377,Brice Samba,Goalkeeper,32,Stade Rennais FC,€7.00m
France,frankreich,3377,William Saliba,Centre-Back,25,Arsenal FC,€100.00m
France,frankreich,3377,Dayot Upamecano,Centre-Back,27,Bayern Munich,€70.00m
France,frankreich,3377,Maxence Lacroix,Centre-Back,26,Crystal Palace,€50.00m
France,frankreich,3377,Ibrahima Konaté,Centre-Back,27,Liverpool FC,€45.00m
France,frankreich,3377,Theo Hernández,Left-Back,28,Al-Hilal SFC,€20.00m
France,frankreich,3377,Lucas Hernández,Left-Back,30,Paris Saint-Germain,€18.00m
France,frankreich,3377,Lucas Digne,Left-Back,32,Aston Villa,€6.00m
France,frankreich,3377,Jules Koundé,Right-Back,27,FC Barcelona,€60.00m
France,frankreich,3377,Malo Gusto,Right-Back,23,Chelsea FC,€35.00m
France,frankreich,3377,Aurélien Tchouaméni,Defensive Midfield,26,Real Madrid,€70.00m
France,frankreich,3377,N'Golo Kanté,Defensive Midfield,35,Fenerbahce,€4.00m
France,frankreich,3377,Warren Zaïre-Emery,Central Midfield,20,Paris Saint-Germain,€80.00m
France,frankreich,3377,Manu Koné,Central Midfield,25,AS Roma,€50.00m
France,frankreich,3377,Adrien Rabiot,Central Midfield,31,AC Milan,€18.00m
France,frankreich,3377,Rayan Cherki,Attacking Midfield,22,Manchester City,€90.00m
France,frankreich,3377,Bradley Barcola,Left Winger,23,Paris Saint-Germain,€70.00m
France,frankreich,3377,Michael Olise,Right Winger,24,Bayern Munich,€150.00m
France,frankreich,3377,Désiré Doué,Right Winger,21,Paris Saint-Germain,€120.00m
France,frankreich,3377,Maghnes Akliouche,Right Winger,24,AS Monaco,€50.00m
France,frankreich,3377,Kylian Mbappé,Centre-Forward,27,Real Madrid,€180.00m
France,frankreich,3377,Ousmane Dembélé,Centre-Forward,29,Paris Saint-Germain,€100.00m
France,frankreich,3377,Marcus Thuram,Centre-Forward,28,Inter Milan,€50.00m
France,frankreich,3377,Jean-Philippe Mateta,Centre-Forward,28,Crystal Palace,€30.00m
England,england,3299,Dean Henderson,Goalkeeper,29,Crystal Palace,€28.00m
England,england,3299,James Trafford,Goalkeeper,23,Manchester City,€25.00m
England,england,3299,Jordan Pickford,Goalkeeper,32,Everton FC,€13.00m
England,england,3299,Marc Guéhi,Centre-Back,25,Manchester City,€70.00m
England,england,3299,Jarell Quansah,Centre-Back,23,Bayer 04 Leverkusen,€45.00m
England,england,3299,Ezri Konsa,Centre-Back,28,Aston Villa,€40.00m
England,england,3299,John Stones,Centre-Back,32,Manchester City,€12.00m
England,england,3299,Dan Burn,Centre-Back,34,Newcastle United,€4.00m
England,england,3299,Nico O'Reilly,Left-Back,21,Manchester City,€70.00m
England,england,3299,Djed Spence,Left-Back,25,Tottenham Hotspur,€30.00m
England,england,3299,Reece James,Right-Back,26,Chelsea FC,€60.00m
England,england,3299,Tino Livramento,Right-Back,23,Newcastle United,€45.00m
England,england,3299,Jordan Henderson,Defensive Midfield,35,Brentford FC,€1.20m
England,england,3299,Declan Rice,Central Midfield,27,Arsenal FC,€120.00m
England,england,3299,Elliot Anderson,Central Midfield,23,Nottingham Forest,€75.00m
England,england,3299,Kobbie Mainoo,Central Midfield,21,Manchester United,€70.00m
England,england,3299,Jude Bellingham,Attacking Midfield,22,Real Madrid,€130.00m
England,england,3299,Morgan Rogers,Attacking Midfield,23,Aston Villa,€90.00m
England,england,3299,Eberechi Eze,Attacking Midfield,27,Arsenal FC,€65.00m
England,england,3299,Anthony Gordon,Left Winger,25,Newcastle United,€65.00m
England,england,3299,Marcus Rashford,Left Winger,28,FC Barcelona,€40.00m
England,england,3299,Bukayo Saka,Right Winger,24,Arsenal FC,€110.00m
England,england,3299,Noni Madueke,Right Winger,24,Arsenal FC,€50.00m
England,england,3299,Harry Kane,Centre-Forward,32,Bayern Munich,€60.00m
England,england,3299,Ollie Watkins,Centre-Forward,30,Aston Villa,€25.00m
England,england,3299,Ivan Toney,Centre-Forward,30,Al-Ahli SFC,€20.00m
Spain,spanien,3375,Joan García,Goalkeeper,25,FC Barcelona,€45.00m
Spain,spanien,3375,David Raya,Goalkeeper,30,Arsenal FC,€30.00m
Spain,spanien,3375,Unai Simón,Goalkeeper,28,Athletic Bilbao,€22.00m
Spain,spanien,3375,Pau Cubarsí,Centre-Back,19,FC Barcelona,€80.00m
Spain,spanien,3375,Eric García,Centre-Back,25,FC Barcelona,€40.00m
Spain,spanien,3375,Marc Pubill,Centre-Back,22,Atlético de Madrid,€35.00m
Spain,spanien,3375,Aymeric Laporte,Centre-Back,32,Athletic Bilbao,€8.00m
Spain,spanien,3375,Marc Cucurella,Left-Back,27,Chelsea FC,€50.00m
Spain,spanien,3375,Alejandro Grimaldo,Left-Back,30,Bayer 04 Leverkusen,€20.00m
Spain,spanien,3375,Pedro Porro,Right-Back,26,Tottenham Hotspur,€35.00m
Spain,spanien,3375,Marcos Llorente,Right-Back,31,Atlético de Madrid,€20.00m
Spain,spanien,3375,Martín Zubimendi,Defensive Midfield,27,Arsenal FC,€75.00m
Spain,spanien,3375,Rodri,Defensive Midfield,29,Manchester City,€50.00m
Spain,spanien,3375,Pedri,Central Midfield,23,FC Barcelona,€150.00m
Spain,spanien,3375,Fabián Ruiz,Central Midfield,30,Paris Saint-Germain,€30.00m
Spain,spanien,3375,Gavi,Central Midfield,21,FC Barcelona,€30.00m
Spain,spanien,3375,Mikel Merino,Central Midfield,29,Arsenal FC,€25.00m
Spain,spanien,3375,Dani Olmo,Attacking Midfield,28,FC Barcelona,€60.00m
Spain,spanien,3375,Álex Baena,Left Winger,24,Atlético de Madrid,€40.00m
Spain,spanien,3375,Nico Williams,Left Winger,23,Athletic Bilbao,€40.00m
Spain,spanien,3375,Víctor Muñoz,Left Winger,22,CA Osasuna,€30.00m
Spain,spanien,3375,Lamine Yamal,Right Winger,18,FC Barcelona,€200.00m
Spain,spanien,3375,Yéremy Pino,Right Winger,23,Crystal Palace,€30.00m
Spain,spanien,3375,Ferran Torres,Centre-Forward,26,FC Barcelona,€50.00m
Spain,spanien,3375,Mikel Oyarzabal,Centre-Forward,29,Real Sociedad,€25.00m
Spain,spanien,3375,Borja Iglesias,Centre-Forward,33,Celta de Vigo,€2.80m
Portugal,portugal,3300,Diogo Costa,Goalkeeper,26,FC Porto,€40.00m
Portugal,portugal,3300,Rui Silva,Goalkeeper,32,Sporting CP,€7.00m
Portugal,portugal,3300,José Sá,Goalkeeper,33,Wolverhampton Wanderers,€3.50m
Portugal,portugal,3300,Rúben Dias,Centre-Back,29,Manchester City,€55.00m
Portugal,portugal,3300,Gonçalo Inácio,Centre-Back,24,Sporting CP,€40.00m
Portugal,portugal,3300,Tomás Araújo,Centre-Back,24,SL Benfica,€30.00m
Portugal,portugal,3300,Renato Veiga,Centre-Back,22,Villarreal CF,€25.00m
Portugal,portugal,3300,Nuno Mendes,Left-Back,23,Paris Saint-Germain,€80.00m
Portugal,portugal,3300,Matheus Nunes,Right-Back,27,Manchester City,€50.00m
Portugal,portugal,3300,Diogo Dalot,Right-Back,27,Manchester United,€30.00m
Portugal,portugal,3300,João Cancelo,Right-Back,32,FC Barcelona,€8.00m
Portugal,portugal,3300,Nélson Semedo,Right-Back,32,Fenerbahce,€6.00m
Portugal,portugal,3300,Vitinha,Defensive Midfield,26,Paris Saint-Germain,€140.00m
Portugal,portugal,3300,Rúben Neves,Defensive Midfield,29,Al-Hilal SFC,€25.00m
Portugal,portugal,3300,Samú Costa,Defensive Midfield,25,RCD Mallorca,€15.00m
Portugal,portugal,3300,João Neves,Central Midfield,21,Paris Saint-Germain,€140.00m
Portugal,portugal,3300,Francisco Trincão,Attacking Midfield,26,Sporting CP,€40.00m
Portugal,portugal,3300,Bruno Fernandes,Attacking Midfield,31,Manchester United,€35.00m
Portugal,portugal,3300,Bernardo Silva,Attacking Midfield,31,Manchester City,€22.00m
Portugal,portugal,3300,Rafael Leão,Left Winger,26,AC Milan,€50.00m
Portugal,portugal,3300,Gonçalo Guedes,Left Winger,29,Real Sociedad,€6.00m
Portugal,portugal,3300,Pedro Neto,Right Winger,26,Chelsea FC,€60.00m
Portugal,portugal,3300,Francisco Conceição,Right Winger,23,Juventus FC,€30.00m
Portugal,portugal,3300,João Félix,Second Striker,26,Al-Nassr FC,€28.00m
Portugal,portugal,3300,Gonçalo Ramos,Centre-Forward,24,Paris Saint-Germain,€30.00m
Portugal,portugal,3300,Cristiano Ronaldo,Centre-Forward,41,Al-Nassr FC,€10.00m
Germany,deutschland,3262,Alexander Nübel,Goalkeeper,29,VfB Stuttgart,€12.00m
Germany,deutschland,3262,Manuel Neuer,Goalkeeper,40,Bayern Munich,€4.00m
Germany,deutschland,3262,Oliver Baumann,Goalkeeper,36,TSG 1899 Hoffenheim,€2.50m
Germany,deutschland,3262,Nico Schlotterbeck,Centre-Back,26,Borussia Dortmund,€55.00m
Germany,deutschland,3262,Malick Thiaw,Centre-Back,24,Newcastle United,€45.00m
Germany,deutschland,3262,Jonathan Tah,Centre-Back,30,Bayern Munich,€28.00m
Germany,deutschland,3262,Waldemar Anton,Centre-Back,29,Borussia Dortmund,€18.00m
Germany,deutschland,3262,Antonio Rüdiger,Centre-Back,33,Real Madrid,€6.00m
Germany,deutschland,3262,Nathaniel Brown,Left-Back,22,Eintracht Frankfurt,€40.00m
Germany,deutschland,3262,David Raum,Left-Back,28,RB Leipzig,€25.00m
Germany,deutschland,3262,Aleksandar Pavlovic,Defensive Midfield,22,Bayern Munich,€90.00m
Germany,deutschland,3262,Angelo Stiller,Defensive Midfield,25,VfB Stuttgart,€45.00m
Germany,deutschland,3262,Joshua Kimmich,Defensive Midfield,31,Bayern Munich,€35.00m
Germany,deutschland,3262,Felix Nmecha,Central Midfield,25,Borussia Dortmund,€50.00m
Germany,deutschland,3262,Assan Ouédraogo,Central Midfield,20,RB Leipzig,€28.00m
Germany,deutschland,3262,Nadiem Amiri,Central Midfield,29,1.FSV Mainz 05,€17.00m
Germany,deutschland,3262,Leon Goretzka,Central Midfield,31,Bayern Munich,€12.00m
Germany,deutschland,3262,Pascal Groß,Central Midfield,34,Brighton & Hove Albion,€2.50m
Germany,deutschland,3262,Jamal Musiala,Attacking Midfield,23,Bayern Munich,€100.00m
Germany,deutschland,3262,Florian Wirtz,Attacking Midfield,23,Liverpool FC,€100.00m
Germany,deutschland,3262,Jamie Leweling,Right Winger,25,VfB Stuttgart,€40.00m
Germany,deutschland,3262,Leroy Sané,Right Winger,30,Galatasaray,€20.00m
Germany,deutschland,3262,Kai Havertz,Centre-Forward,26,Arsenal FC,€55.00m
Germany,deutschland,3262,Nick Woltemade,Centre-Forward,24,Newcastle United,€55.00m
Germany,deutschland,3262,Maximilian Beier,Centre-Forward,23,Borussia Dortmund,€40.00m
Germany,deutschland,3262,Deniz Undav,Centre-Forward,29,VfB Stuttgart,€22.00m
Brazil,brasilien,3439,Alisson,Goalkeeper,33,Liverpool FC,€15.00m
Brazil,brasilien,3439,Ederson,Goalkeeper,32,Fenerbahce,€10.00m
Brazil,brasilien,3439,Weverton,Goalkeeper,38,Grêmio Foot-Ball Porto Alegrense,€700k
Brazil,brasilien,3439,Gabriel,Centre-Back,28,Arsenal FC,€75.00m
Brazil,brasilien,3439,Bremer,Centre-Back,29,Juventus FC,€35.00m
Brazil,brasilien,3439,Marquinhos,Centre-Back,32,Paris Saint-Germain,€28.00m
Brazil,brasilien,3439,Roger Ibañez,Centre-Back,27,Al-Ahli SFC,€18.00m
Brazil,brasilien,3439,Léo Pereira,Centre-Back,30,CR Flamengo,€12.00m
Brazil,brasilien,3439,Danilo,Centre-Back,34,CR Flamengo,€2.00m
Brazil,brasilien,3439,Douglas Santos,Left-Back,32,Zenit St. Petersburg,€7.50m
Brazil,brasilien,3439,Alex Sandro,Left-Back,35,CR Flamengo,€1.00m
Brazil,brasilien,3439,Fabinho,Defensive Midfield,32,Al-Ittihad Club,€12.00m
Brazil,brasilien,3439,Casemiro,Defensive Midfield,34,Manchester United,€6.00m
Brazil,brasilien,3439,Bruno Guimarães,Central Midfield,28,Newcastle United,€70.00m
Brazil,brasilien,3439,Éderson,Central Midfield,26,Atalanta BC,€45.00m
Brazil,brasilien,3439,Danilo,Central Midfield,25,Botafogo de Futebol e Regatas,€32.00m
Brazil,brasilien,3439,Lucas Paquetá,Attacking Midfield,28,CR Flamengo,€32.00m
Brazil,brasilien,3439,Neymar,Attacking Midfield,34,Santos FC,€8.00m
Brazil,brasilien,3439,Vinicius Junior,Left Winger,25,Real Madrid,€140.00m
Brazil,brasilien,3439,Matheus Cunha,Left Winger,27,Manchester United,€75.00m
Brazil,brasilien,3439,Raphinha,Left Winger,29,FC Barcelona,€70.00m
Brazil,brasilien,3439,Gabriel Martinelli,Left Winger,24,Arsenal FC,€45.00m
Brazil,brasilien,3439,Rayan,Right Winger,19,AFC Bournemouth,€60.00m
Brazil,brasilien,3439,Luiz Henrique,Right Winger,25,Zenit St. Petersburg,€24.00m
Brazil,brasilien,3439,Igor Thiago,Centre-Forward,24,Brentford FC,€65.00m
Brazil,brasilien,3439,Endrick,Centre-Forward,19,Olympique Lyon,€40.00m
Netherlands,niederlande,3379,Bart Verbruggen,Goalkeeper,23,Brighton & Hove Albion,€40.00m
Netherlands,niederlande,3379,Robin Roefs,Goalkeeper,23,Sunderland AFC,€28.00m
Netherlands,niederlande,3379,Mark Flekken,Goalkeeper,32,Bayer 04 Leverkusen,€6.00m
Netherlands,niederlande,3379,Micky van de Ven,Centre-Back,25,Tottenham Hotspur,€50.00m
Netherlands,niederlande,3379,Jan Paul van Hecke,Centre-Back,26,Brighton & Hove Albion,€45.00m
Netherlands,niederlande,3379,Virgil van Dijk,Centre-Back,34,Liverpool FC,€15.00m
Netherlands,niederlande,3379,Nathan Aké,Centre-Back,31,Manchester City,€12.00m
Netherlands,niederlande,3379,Jorrel Hato,Left-Back,20,Chelsea FC,€40.00m
Netherlands,niederlande,3379,Jurriën Timber,Right-Back,24,Arsenal FC,€70.00m
Netherlands,niederlande,3379,Mats Wieffer,Right-Back,26,Brighton & Hove Albion,€25.00m
Netherlands,niederlande,3379,Denzel Dumfries,Right-Back,30,Inter Milan,€25.00m
Netherlands,niederlande,3379,Ryan Gravenberch,Defensive Midfield,24,Liverpool FC,€80.00m
Netherlands,niederlande,3379,Teun Koopmeiners,Defensive Midfield,28,Juventus FC,€14.00m
Netherlands,niederlande,3379,Marten de Roon,Defensive Midfield,35,Atalanta BC,€3.20m
Netherlands,niederlande,3379,Tijjani Reijnders,Central Midfield,27,Manchester City,€50.00m
Netherlands,niederlande,3379,Frenkie de Jong,Central Midfield,29,FC Barcelona,€35.00m
Netherlands,niederlande,3379,Quinten Timber,Central Midfield,24,Olympique Marseille,€25.00m
Netherlands,niederlande,3379,Justin Kluivert,Attacking Midfield,27,AFC Bournemouth,€25.00m
Netherlands,niederlande,3379,Guus Til,Attacking Midfield,28,PSV Eindhoven,€15.00m
Netherlands,niederlande,3379,Cody Gakpo,Left Winger,27,Liverpool FC,€60.00m
Netherlands,niederlande,3379,Crysencio Summerville,Left Winger,24,West Ham United,€35.00m
Netherlands,niederlande,3379,Noa Lang,Left Winger,26,Galatasaray,€22.00m
Netherlands,niederlande,3379,Donyell Malen,Centre-Forward,27,AS Roma,€45.00m
Netherlands,niederlande,3379,Brian Brobbey,Centre-Forward,24,Sunderland AFC,€30.00m
Netherlands,niederlande,3379,Memphis Depay,Centre-Forward,32,Sport Club Corinthians Paulista,€7.00m
Netherlands,niederlande,3379,Wout Weghorst,Centre-Forward,33,Ajax Amsterdam,€2.00m
Argentina,argentinien,3437,Emiliano Martínez,Goalkeeper,33,Aston Villa,€12.00m
Argentina,argentinien,3437,Gerónimo Rulli,Goalkeeper,34,Olympique Marseille,€6.00m
Argentina,argentinien,3437,Juan Musso,Goalkeeper,32,Atlético de Madrid,€3.00m
Argentina,argentinien,3437,Cristian Romero,Centre-Back,28,Tottenham Hotspur,€45.00m
Argentina,argentinien,3437,Lisandro Martínez,Centre-Back,28,Manchester United,€40.00m
Argentina,argentinien,3437,Facundo Medina,Centre-Back,27,Olympique Marseille,€18.00m
Argentina,argentinien,3437,Nicolás Otamendi,Centre-Back,38,SL Benfica,€1.00m
Argentina,argentinien,3437,Nicolás Tagliafico,Left-Back,33,Olympique Lyon,€4.00m
Argentina,argentinien,3437,Nahuel Molina,Right-Back,28,Atlético de Madrid,€15.00m
Argentina,argentinien,3437,Gonzalo Montiel,Right-Back,29,CA River Plate,€4.50m
Argentina,argentinien,3437,Leandro Paredes,Defensive Midfield,31,CA Boca Juniors,€5.00m
Argentina,argentinien,3437,Enzo Fernández,Central Midfield,25,Chelsea FC,€90.00m
Argentina,argentinien,3437,Alexis Mac Allister,Central Midfield,27,Liverpool FC,€70.00m
Argentina,argentinien,3437,Valentín Barco,Central Midfield,21,RC Strasbourg Alsace,€40.00m
Argentina,argentinien,3437,Exequiel Palacios,Central Midfield,27,Bayer 04 Leverkusen,€25.00m
Argentina,argentinien,3437,Rodrigo De Paul,Central Midfield,32,Inter Miami CF,€14.00m
Argentina,argentinien,3437,Nico Paz,Attacking Midfield,21,Como 1907,€80.00m
Argentina,argentinien,3437,Giovani Lo Celso,Attacking Midfield,30,Real Betis Balompié,€8.00m
Argentina,argentinien,3437,Nico González,Left Winger,28,Atlético de Madrid,€22.00m
Argentina,argentinien,3437,Thiago Almada,Left Winger,25,Atlético de Madrid,€15.00m
Argentina,argentinien,3437,Giuliano Simeone,Right Winger,23,Atlético de Madrid,€40.00m
Argentina,argentinien,3437,Lionel Messi,Right Winger,38,Inter Miami CF,€15.00m
Argentina,argentinien,3437,Julián Álvarez,Centre-Forward,26,Atlético de Madrid,€100.00m
Argentina,argentinien,3437,Lautaro Martínez,Centre-Forward,28,Inter Milan,€85.00m
Argentina,argentinien,3437,José Manuel López,Centre-Forward,25,Sociedade Esportiva Palmeiras,€25.00m
Belgium,belgien,3382,Senne Lammens,Goalkeeper,23,Manchester United,€35.00m
Belgium,belgien,3382,Mike Penders,Goalkeeper,20,RC Strasbourg Alsace,€25.00m
Belgium,belgien,3382,Thibaut Courtois,Goalkeeper,34,Real Madrid,€15.00m
Belgium,belgien,3382,Zeno Debast,Centre-Back,22,Sporting CP,€28.00m
Belgium,belgien,3382,Nathan Ngoy,Centre-Back,22,LOSC Lille,€25.00m
Belgium,belgien,3382,Koni De Winter,Centre-Back,23,AC Milan,€23.00m
Belgium,belgien,3382,Arthur Theate,Centre-Back,26,Eintracht Frankfurt,€17.00m
Belgium,belgien,3382,Brandon Mechele,Centre-Back,33,Club Brugge KV,€2.80m
Belgium,belgien,3382,Maxim De Cuyper,Left-Back,25,Brighton & Hove Albion,€22.00m
Belgium,belgien,3382,Joaquin Seys,Left-Back,21,Club Brugge KV,€20.00m
Belgium,belgien,3382,Timothy Castagne,Right-Back,30,Fulham FC,€8.00m
Belgium,belgien,3382,Thomas Meunier,Right-Back,34,LOSC Lille,€1.50m
Belgium,belgien,3382,Amadou Onana,Defensive Midfield,24,Aston Villa,€45.00m
Belgium,belgien,3382,Nicolas Raskin,Defensive Midfield,25,Rangers FC,€12.00m
Belgium,belgien,3382,Axel Witsel,Defensive Midfield,37,Girona FC,€1.20m
Belgium,belgien,3382,Youri Tielemans,Central Midfield,29,Aston Villa,€30.00m
Belgium,belgien,3382,Alexis Saelemaekers,Right Midfield,26,AC Milan,€20.00m
Belgium,belgien,3382,Diego Moreira,Left Midfield,21,RC Strasbourg Alsace,€25.00m
Belgium,belgien,3382,Charles De Ketelaere,Attacking Midfield,25,Atalanta BC,€30.00m
Belgium,belgien,3382,Kevin De Bruyne,Attacking Midfield,34,SSC Napoli,€8.00m
Belgium,belgien,3382,Hans Vanaken,Attacking Midfield,33,Club Brugge KV,€5.00m
Belgium,belgien,3382,Jérémy Doku,Left Winger,24,Manchester City,€75.00m
Belgium,belgien,3382,Leandro Trossard,Left Winger,31,Arsenal FC,€18.00m
Belgium,belgien,3382,Dodi Lukébakio,Right Winger,28,SL Benfica,€15.00m
Belgium,belgien,3382,Matias Fernandez-Pardo,Centre-Forward,21,LOSC Lille,€35.00m
Belgium,belgien,3382,Romelu Lukaku,Centre-Forward,33,SSC Napoli,€6.00m
Ivory Coast,elfenbeinkuste,3591,Yahia Fofana,Goalkeeper,25,Caykur Rizespor,€5.00m
Ivory Coast,elfenbeinkuste,3591,Alban Lafont,Goalkeeper,27,Panathinaikos,€3.00m
Ivory Coast,elfenbeinkuste,3591,Mohamed Koné,Goalkeeper,24,Royal Charleroi SC,€2.00m
Ivory Coast,elfenbeinkuste,3591,Ousmane Diomande,Centre-Back,22,Sporting CP,€42.00m
Ivory Coast,elfenbeinkuste,3591,Evan Ndicka,Centre-Back,26,AS Roma,€35.00m
Ivory Coast,elfenbeinkuste,3591,Wilfried Singo,Centre-Back,25,Galatasaray,€23.00m
Ivory Coast,elfenbeinkuste,3591,Emmanuel Agbadou,Centre-Back,28,Besiktas JK,€16.00m
Ivory Coast,elfenbeinkuste,3591,Odilon Kossounou,Centre-Back,25,Atalanta BC,€15.00m
Ivory Coast,elfenbeinkuste,3591,Christopher Operi,Left-Back,29,Basaksehir FK,€4.00m
Ivory Coast,elfenbeinkuste,3591,Ghislain Konan,Left-Back,30,Gil Vicente FC,€3.00m
Ivory Coast,elfenbeinkuste,3591,Guéla Doué,Right-Back,23,RC Strasbourg Alsace,€20.00m
Ivory Coast,elfenbeinkuste,3591,Ibrahim Sangaré,Defensive Midfield,28,Nottingham Forest,€20.00m
Ivory Coast,elfenbeinkuste,3591,Jean Michaël Seri,Defensive Midfield,34,NK Maribor,€100k
Ivory Coast,elfenbeinkuste,3591,Christ Inao Oulaï,Central Midfield,20,Trabzonspor,€23.00m
Ivory Coast,elfenbeinkuste,3591,Franck Kessié,Central Midfield,29,Al-Ahli SFC,€12.00m
Ivory Coast,elfenbeinkuste,3591,Seko Fofana,Central Midfield,31,FC Porto,€8.00m
Ivory Coast,elfenbeinkuste,3591,Yan Diomande,Left Winger,19,RB Leipzig,€90.00m
Ivory Coast,elfenbeinkuste,3591,Bazoumana Touré,Left Winger,20,TSG 1899 Hoffenheim,€40.00m
Ivory Coast,elfenbeinkuste,3591,Simon Adingra,Left Winger,24,AS Monaco,€22.00m
Ivory Coast,elfenbeinkuste,3591,Parfait Guiagon,Left Winger,25,Royal Charleroi SC,€5.00m
Ivory Coast,elfenbeinkuste,3591,Amad Diallo,Right Winger,23,Manchester United,€45.00m
Ivory Coast,elfenbeinkuste,3591,Evann Guessand,Right Winger,24,Crystal Palace,€25.00m
Ivory Coast,elfenbeinkuste,3591,Nicolas Pépé,Right Winger,31,Villarreal CF,€6.00m
Ivory Coast,elfenbeinkuste,3591,Ange-Yoan Bonny,Centre-Forward,22,Inter Milan,€35.00m
Ivory Coast,elfenbeinkuste,3591,Elye Wahi,Centre-Forward,23,OGC Nice,€18.00m
Ivory Coast,elfenbeinkuste,3591,Oumar Diakité,Centre-Forward,22,Cercle Brugge ,€5.00m
Morocco,marokko,3575,Yassine Bounou,Goalkeeper,35,Al-Hilal SFC,€3.00m
Morocco,marokko,3575,Ahmed Reda Tagnaouti,Goalkeeper,30,AS FAR Rabat,€1.00m
Morocco,marokko,3575,Munir El Kajoui,Goalkeeper,37,Renaissance de Berkane,€600k
Morocco,marokko,3575,Nayef Aguerd,Centre-Back,30,Olympique Marseille,€15.00m
Morocco,marokko,3575,Chadi Riad,Centre-Back,22,Crystal Palace,€15.00m
Morocco,marokko,3575,Issa Diop,Centre-Back,29,Fulham FC,€8.00m
Morocco,marokko,3575,Redouane Halhal,Centre-Back,23,KV Mechelen,€5.00m
Morocco,marokko,3575,Anass Salah-Eddine,Left-Back,24,PSV Eindhoven,€12.00m
Morocco,marokko,3575,Youssef Belammari,Left-Back,27,Al Ahly FC,€1.20m
Morocco,marokko,3575,Achraf Hakimi,Right-Back,27,Paris Saint-Germain,€80.00m
Morocco,marokko,3575,Noussair Mazraoui,Right-Back,28,Manchester United,€18.00m
Morocco,marokko,3575,Zakaria El Ouahdi,Right-Back,24,KRC Genk,€17.00m
Morocco,marokko,3575,Sofyan Amrabat,Defensive Midfield,29,Real Betis Balompié,€10.00m
Morocco,marokko,3575,Ayyoub Bouaddi,Central Midfield,18,LOSC Lille,€50.00m
Morocco,marokko,3575,Neil El Aynaoui,Central Midfield,24,AS Roma,€23.00m
Morocco,marokko,3575,Samir El Mourabet,Central Midfield,20,RC Strasbourg Alsace,€22.00m
Morocco,marokko,3575,Azzedine Ounahi,Central Midfield,26,Girona FC,€10.00m
Morocco,marokko,3575,Ismael Saibari,Attacking Midfield,25,PSV Eindhoven,€40.00m
Morocco,marokko,3575,Bilal El Khannouss,Attacking Midfield,22,VfB Stuttgart,€35.00m
Morocco,marokko,3575,Abde Ezzalzouli,Left Winger,24,Real Betis Balompié,€40.00m
Morocco,marokko,3575,Soufiane Rahimi,Left Winger,30,Al-Ain FC,€6.00m
Morocco,marokko,3575,Brahim Díaz,Right Winger,26,Real Madrid,€35.00m
Morocco,marokko,3575,Chemsdine Talbi,Right Winger,21,Sunderland AFC,€25.00m
Morocco,marokko,3575,Gessime Yassine,Right Winger,20,RC Strasbourg Alsace,€12.00m
Morocco,marokko,3575,Ayoube Amaimouni-Echghouyab,Right Winger,21,Eintracht Frankfurt,€10.00m
Morocco,marokko,3575,Ayoub El Kaabi,Centre-Forward,32,Olympiacos Piraeus,€4.50m
Senegal,senegal,3499,Yehvann Diouf,Goalkeeper,26,OGC Nice,€7.00m
Senegal,senegal,3499,Edouard Mendy,Goalkeeper,34,Al-Ahli SFC,€4.00m
Senegal,senegal,3499,Mory Diaw,Goalkeeper,32,Le Havre AC,€900k
Senegal,senegal,3499,Mamadou Sarr,Centre-Back,20,Chelsea FC,€22.00m
Senegal,senegal,3499,Moussa Niakhaté,Centre-Back,30,Olympique Lyon,€15.00m
Senegal,senegal,3499,Antoine Mendy,Centre-Back,22,OGC Nice,€10.00m
Senegal,senegal,3499,Kalidou Koulibaly,Centre-Back,34,Al-Hilal SFC,€4.50m
Senegal,senegal,3499,Abdoulaye Seck,Centre-Back,34,Maccabi Haifa,€400k
Senegal,senegal,3499,El Hadji Malick Diouf,Left-Back,21,West Ham United,€28.00m
Senegal,senegal,3499,Ismail Jakobs,Left-Back,26,Galatasaray,€8.00m
Senegal,senegal,3499,Idrissa Gueye,Defensive Midfield,36,Everton FC,€500k
Senegal,senegal,3499,Lamine Camara,Central Midfield,22,AS Monaco,€40.00m
Senegal,senegal,3499,Pape Gueye,Central Midfield,27,Villarreal CF,€40.00m
Senegal,senegal,3499,Habib Diarra,Central Midfield,22,Sunderland AFC,€35.00m
Senegal,senegal,3499,Pape Matar Sarr,Central Midfield,23,Tottenham Hotspur,€30.00m
Senegal,senegal,3499,Bara Sapoko Ndiaye,Central Midfield,18,Bayern Munich,€4.00m
Senegal,senegal,3499,Pathé Ciss,Central Midfield,32,Rayo Vallecano,€1.80m
Senegal,senegal,3499,Krépin Diatta,Right Midfield,27,AS Monaco,€6.00m
Senegal,senegal,3499,Assane Diao,Left Winger,20,Como 1907,€30.00m
Senegal,senegal,3499,Sadio Mané,Left Winger,34,Al-Nassr FC,€6.00m
Senegal,senegal,3499,Iliman Ndiaye,Right Winger,26,Everton FC,€55.00m
Senegal,senegal,3499,Ismaïla Sarr,Right Winger,28,Crystal Palace,€40.00m
Senegal,senegal,3499,Ibrahim Mbaye,Right Winger,18,Paris Saint-Germain,€30.00m
Senegal,senegal,3499,Nicolas Jackson,Centre-Forward,24,Bayern Munich,€40.00m
Senegal,senegal,3499,Bamba Dieng,Centre-Forward,26,FC Lorient,€15.00m
Senegal,senegal,3499,Cherif Ndiaye,Centre-Forward,30,Samsunspor,€5.00m
Turkiye,turkei,3381,Uğurcan Çakır,Goalkeeper,30,Galatasaray,€15.00m
Turkiye,turkei,3381,Altay Bayındır,Goalkeeper,28,Manchester United,€5.00m
Turkiye,turkei,3381,Mert Günok,Goalkeeper,37,Fenerbahce,€500k
Turkiye,turkei,3381,Ozan Kabak,Centre-Back,26,TSG 1899 Hoffenheim,€15.00m
Turkiye,turkei,3381,Merih Demiral,Centre-Back,28,Al-Ahli SFC,€12.00m
Turkiye,turkei,3381,Abdülkerim Bardakcı,Centre-Back,31,Galatasaray,€6.50m
Turkiye,turkei,3381,Çağlar Söyüncü,Centre-Back,30,Fenerbahce,€3.50m
Turkiye,turkei,3381,Samet Akaydin,Centre-Back,32,Caykur Rizespor,€1.20m
Turkiye,turkei,3381,Ferdi Kadıoğlu,Left-Back,26,Brighton & Hove Albion,€35.00m
Turkiye,turkei,3381,Eren Elmalı,Left-Back,25,Galatasaray,€5.00m
Turkiye,turkei,3381,Zeki Çelik,Right-Back,29,AS Roma,€14.00m
Turkiye,turkei,3381,Mert Müldür,Right-Back,27,Fenerbahce,€7.00m
Turkiye,turkei,3381,Hakan Çalhanoğlu,Defensive Midfield,32,Inter Milan,€16.00m
Turkiye,turkei,3381,İsmail Yüksek,Defensive Midfield,27,Fenerbahce,€15.00m
Turkiye,turkei,3381,Salih Özcan,Defensive Midfield,28,Borussia Dortmund,€3.50m
Turkiye,turkei,3381,Kaan Ayhan,Defensive Midfield,31,Galatasaray,€1.50m
Turkiye,turkei,3381,Orkun Kökçü,Central Midfield,25,Besiktas JK,€25.00m
Turkiye,turkei,3381,Arda Güler,Attacking Midfield,21,Real Madrid,€90.00m
Turkiye,turkei,3381,Can Uzun,Attacking Midfield,20,Eintracht Frankfurt,€45.00m
Turkiye,turkei,3381,Kenan Yıldız,Left Winger,21,Juventus FC,€75.00m
Turkiye,turkei,3381,Barış Alper Yılmaz,Left Winger,26,Galatasaray,€30.00m
Turkiye,turkei,3381,Kerem Aktürkoğlu,Left Winger,27,Fenerbahce,€20.00m
Turkiye,turkei,3381,Yunus Akgün,Right Winger,25,Galatasaray,€18.00m
Turkiye,turkei,3381,Oğuz Aydın,Right Winger,25,Fenerbahce,€7.00m
Turkiye,turkei,3381,İrfan Can Kahveci,Right Winger,30,Kasimpasa,€3.00m
Turkiye,turkei,3381,Deniz Gül,Centre-Forward,21,FC Porto,€5.00m
Sweden,schweden,3557,Viktor Johansson,Goalkeeper,27,Stoke City,€12.00m
Sweden,schweden,3557,Jacob Widell Zetterström,Goalkeeper,27,Derby County,€2.50m
Sweden,schweden,3557,Kristoffer Nordfeldt,Goalkeeper,36,AIK,€175k
Sweden,schweden,3557,Isak Hien,Centre-Back,27,Atalanta BC,€22.00m
Sweden,schweden,3557,Gustaf Lagerbielke,Centre-Back,26,SC Braga,€10.00m
Sweden,schweden,3557,Victor Lindelöf,Centre-Back,31,Aston Villa,€5.00m
Sweden,schweden,3557,Hjalmar Ekdal,Centre-Back,27,Burnley FC,€5.00m
Sweden,schweden,3557,Eric Smith,Centre-Back,29,FC St. Pauli,€5.00m
Sweden,schweden,3557,Carl Starfelt,Centre-Back,31,Celta de Vigo,€4.50m
Sweden,schweden,3557,Daniel Svensson,Left-Back,24,Borussia Dortmund,€22.00m
Sweden,schweden,3557,Gabriel Gudmundsson,Left-Back,27,Leeds United,€20.00m
Sweden,schweden,3557,Ken Sema,Left-Back,32,Pafos FC,€800k
Sweden,schweden,3557,Jesper Karlström,Defensive Midfield,30,Udinese Calcio,€4.00m
Sweden,schweden,3557,Lucas Bergvall,Central Midfield,20,Tottenham Hotspur,€35.00m
Sweden,schweden,3557,Yasin Ayari,Central Midfield,22,Brighton & Hove Albion,€35.00m
Sweden,schweden,3557,Mattias Svanberg,Central Midfield,27,VfL Wolfsburg,€8.00m
Sweden,schweden,3557,Besfort Zeneli,Central Midfield,23,Union Saint-Gilloise,€6.00m
Sweden,schweden,3557,Herman Johansson,Right Midfield,28,FC Dallas,€1.80m
Sweden,schweden,3557,Elliot Stroud,Left Midfield,23,Mjällby AIF,€5.00m
Sweden,schweden,3557,Benjamin Nygren,Attacking Midfield,24,Celtic FC,€14.00m
Sweden,schweden,3557,Taha Ali,Left Winger,27,Malmö FF,€1.50m
Sweden,schweden,3557,Anthony Elanga,Right Winger,24,Newcastle United,€32.00m
Sweden,schweden,3557,Alexander Bernhardsson,Right Winger,27,Holstein Kiel,€3.00m
Sweden,schweden,3557,Alexander Isak,Centre-Forward,26,Liverpool FC,€85.00m
Sweden,schweden,3557,Viktor Gyökeres,Centre-Forward,28,Arsenal FC,€65.00m
Sweden,schweden,3557,Gustaf Nilsson,Centre-Forward,29,Club Brugge KV,€1.80m
Croatia,kroatien,3556,Dominik Kotarski,Goalkeeper,26,FC Copenhagen,€5.00m
Croatia,kroatien,3556,Ivor Pandur,Goalkeeper,26,Hull City,€4.50m
Croatia,kroatien,3556,Dominik Livakovic,Goalkeeper,31,GNK Dinamo Zagreb,€4.00m
Croatia,kroatien,3556,Josko Gvardiol,Centre-Back,24,Manchester City,€70.00m
Croatia,kroatien,3556,Luka Vuskovic,Centre-Back,19,Hamburger SV,€60.00m
Croatia,kroatien,3556,Josip Sutalo,Centre-Back,26,Ajax Amsterdam,€12.00m
Croatia,kroatien,3556,Marin Pongracic,Centre-Back,28,ACF Fiorentina,€6.50m
Croatia,kroatien,3556,Martin Erlić,Centre-Back,28,FC Midtjylland,€4.00m
Croatia,kroatien,3556,Duje Caleta-Car,Centre-Back,29,Real Sociedad,€2.80m
Croatia,kroatien,3556,Josip Stanisic,Right-Back,26,Bayern Munich,€40.00m
Croatia,kroatien,3556,Nikola Moro,Defensive Midfield,28,Bologna FC 1909,€7.00m
Croatia,kroatien,3556,Kristijan Jakic,Defensive Midfield,29,FC Augsburg,€6.00m
Croatia,kroatien,3556,Petar Sučić,Central Midfield,22,Inter Milan,€40.00m
Croatia,kroatien,3556,Mateo Kovacic,Central Midfield,32,Manchester City,€10.00m
Croatia,kroatien,3556,Luka Sucic,Central Midfield,23,Real Sociedad,€10.00m
Croatia,kroatien,3556,Mario Pašalić,Central Midfield,31,Atalanta BC,€6.00m
Croatia,kroatien,3556,Luka Modrić,Central Midfield,40,AC Milan,€3.50m
Croatia,kroatien,3556,Martin Baturina,Attacking Midfield,23,Como 1907,€30.00m
Croatia,kroatien,3556,Nikola Vlašić,Attacking Midfield,28,Torino FC,€10.00m
Croatia,kroatien,3556,Toni Fruk,Attacking Midfield,25,HNK Rijeka,€9.00m
Croatia,kroatien,3556,Andrej Kramaric,Attacking Midfield,34,TSG 1899 Hoffenheim,€2.50m
Croatia,kroatien,3556,Ivan Perišić,Left Winger,37,PSV Eindhoven,€1.20m
Croatia,kroatien,3556,Marco Pašalić,Right Winger,25,Orlando City SC,€6.50m
Croatia,kroatien,3556,Igor Matanovic,Centre-Forward,23,SC Freiburg,€22.00m
Croatia,kroatien,3556,Petar Musa,Centre-Forward,28,FC Dallas,€12.00m
Croatia,kroatien,3556,Ante Budimir,Centre-Forward,34,CA Osasuna,€2.80m
United States,vereinigte-staaten,3505,Matt Turner,Goalkeeper,31,New England Revolution,€2.50m
United States,vereinigte-staaten,3505,Chris Brady,Goalkeeper,22,Chicago Fire FC,€2.50m
United States,vereinigte-staaten,3505,Matt Freese,Goalkeeper,27,New York City FC,€2.00m
United States,vereinigte-staaten,3505,Chris Richards,Centre-Back,26,Crystal Palace,€28.00m
United States,vereinigte-staaten,3505,Mark McKenzie,Centre-Back,27,FC Toulouse,€7.00m
United States,vereinigte-staaten,3505,Auston Trusty,Centre-Back,27,Celtic FC,€6.00m
United States,vereinigte-staaten,3505,Miles Robinson,Centre-Back,29,FC Cincinnati,€3.50m
United States,vereinigte-staaten,3505,Tim Ream,Centre-Back,38,Charlotte FC,€150k
United States,vereinigte-staaten,3505,Antonee Robinson,Left-Back,28,Fulham FC,€22.00m
United States,vereinigte-staaten,3505,Sergiño Dest,Right-Back,25,PSV Eindhoven,€18.00m
United States,vereinigte-staaten,3505,Joe Scally,Right-Back,23,Borussia Mönchengladbach,€7.00m
United States,vereinigte-staaten,3505,Alex Freeman,Right-Back,21,Villarreal CF,€3.50m
United States,vereinigte-staaten,3505,Tyler Adams,Defensive Midfield,27,AFC Bournemouth,€25.00m
United States,vereinigte-staaten,3505,Weston McKennie,Central Midfield,27,Juventus FC,€30.00m
United States,vereinigte-staaten,3505,Sebastian Berhalter,Central Midfield,25,Vancouver Whitecaps FC,€8.00m
United States,vereinigte-staaten,3505,Cristian Roldán,Central Midfield,31,Seattle Sounders FC,€3.50m
United States,vereinigte-staaten,3505,Timothy Weah,Right Midfield,26,Olympique Marseille,€20.00m
United States,vereinigte-staaten,3505,Malik Tillman,Attacking Midfield,24,Bayer 04 Leverkusen,€30.00m
United States,vereinigte-staaten,3505,Brenden Aaronson,Attacking Midfield,25,Leeds United,€22.00m
United States,vereinigte-staaten,3505,Giovanni Reyna,Attacking Midfield,23,Borussia Mönchengladbach,€4.00m
United States,vereinigte-staaten,3505,Max Arfsten,Left Winger,25,Columbus Crew,€5.00m
United States,vereinigte-staaten,3505,Christian Pulisic,Right Winger,27,AC Milan,€40.00m
United States,vereinigte-staaten,3505,Álex Zendejas,Right Winger,28,CF América,€10.00m
United States,vereinigte-staaten,3505,Folarin Balogun,Centre-Forward,24,AS Monaco,€40.00m
United States,vereinigte-staaten,3505,Ricardo Pepi,Centre-Forward,23,PSV Eindhoven,€30.00m
United States,vereinigte-staaten,3505,Haji Wright,Centre-Forward,28,Coventry City,€16.00m
Ecuador,ecuador,5750,Gonzalo Valle,Goalkeeper,30,LDU Quito,€1.80m
Ecuador,ecuador,5750,Moisés Ramírez,Goalkeeper,25,AE Kifisia,€800k
Ecuador,ecuador,5750,Hernán Galíndez,Goalkeeper,39,CA Huracán,€300k
Ecuador,ecuador,5750,Willian Pacho,Centre-Back,24,Paris Saint-Germain,€80.00m
Ecuador,ecuador,5750,Piero Hincapié,Centre-Back,24,Arsenal FC,€50.00m
Ecuador,ecuador,5750,Joel Ordóñez,Centre-Back,22,Club Brugge KV,€33.00m
Ecuador,ecuador,5750,Jackson Porozo,Centre-Back,25,Club Tijuana,€2.50m
Ecuador,ecuador,5750,Félix Torres,Centre-Back,29,Sport Club Internacional,€1.00m
Ecuador,ecuador,5750,Pervis Estupiñán,Left-Back,28,AC Milan,€12.00m
Ecuador,ecuador,5750,Yaimar Medina,Left-Back,21,KRC Genk,€4.00m
Ecuador,ecuador,5750,Angelo Preciado,Right-Back,28,Clube Atlético Mineiro,€3.50m
Ecuador,ecuador,5750,Moisés Caicedo,Defensive Midfield,24,Chelsea FC,€100.00m
Ecuador,ecuador,5750,Jordy Alcívar,Defensive Midfield,26,Independiente del Valle,€2.00m
Ecuador,ecuador,5750,Denil Castillo,Central Midfield,22,FC Midtjylland,€7.00m
Ecuador,ecuador,5750,Alan Franco,Central Midfield,27,Clube Atlético Mineiro,€4.50m
Ecuador,ecuador,5750,Kendry Páez,Attacking Midfield,19,CA River Plate,€8.00m
Ecuador,ecuador,5750,Pedro Vite,Attacking Midfield,24,UNAM Pumas,€6.00m
Ecuador,ecuador,5750,Nilson Angulo,Left Winger,22,Sunderland AFC,€17.00m
Ecuador,ecuador,5750,Gonzalo Plata,Right Winger,25,CR Flamengo,€9.00m
Ecuador,ecuador,5750,Alan Minda,Right Winger,23,Clube Atlético Mineiro,€3.00m
Ecuador,ecuador,5750,Anthony Valencia,Right Winger,22,Royal Antwerp FC,€1.80m
Ecuador,ecuador,5750,John Yeboah,Second Striker,25,Venezia FC,€5.50m
Ecuador,ecuador,5750,Jeremy Arévalo,Centre-Forward,21,VfB Stuttgart,€7.00m
Ecuador,ecuador,5750,Kevin Rodríguez,Centre-Forward,26,Union Saint-Gilloise,€6.00m
Ecuador,ecuador,5750,Jordy Caicedo,Centre-Forward,28,CA Huracán,€2.00m
Ecuador,ecuador,5750,Enner Valencia,Centre-Forward,36,CF Pachuca,€1.00m
Denmark,danemark,3436,Mads Hermansen,Goalkeeper,25,West Ham United,€15.00m
Denmark,danemark,3436,Filip Jørgensen,Goalkeeper,24,Chelsea FC,€15.00m
Denmark,danemark,3436,Andreas Jungdal,Goalkeeper,24,KVC Westerlo,€3.50m
Denmark,danemark,3436,Joachim Andersen,Centre-Back,30,Fulham FC,€20.00m
Denmark,danemark,3436,Lucas Høgsberg,Centre-Back,19,RC Strasbourg Alsace,€18.00m
Denmark,danemark,3436,Oliver Provstgaard,Centre-Back,23,SS Lazio,€16.00m
Denmark,danemark,3436,Andreas Christensen,Centre-Back,30,FC Barcelona,€8.00m
Denmark,danemark,3436,Joakim Maehle,Left-Back,29,VfL Wolfsburg,€7.00m
Denmark,danemark,3436,Victor Bak,Left-Back,22,FC Midtjylland,€4.00m
Denmark,danemark,3436,Rasmus Kristensen,Right-Back,28,Eintracht Frankfurt,€10.00m
Denmark,danemark,3436,Alexander Bah,Right-Back,28,SL Benfica,€7.00m
Denmark,danemark,3436,Pierre-Emile Højbjerg,Defensive Midfield,30,Olympique Marseille,€15.00m
Denmark,danemark,3436,Victor Froholdt,Central Midfield,20,FC Porto,€50.00m
Denmark,danemark,3436,Jens Stage,Central Midfield,29,SV Werder Bremen,€14.00m
Denmark,danemark,3436,Thomas Jørgensen,Central Midfield,20,Viborg FF,€5.00m
Denmark,danemark,3436,Albert Grønbæk,Attacking Midfield,25,Hamburger SV,€5.00m
Denmark,danemark,3436,Christian Eriksen,Attacking Midfield,34,VfL Wolfsburg,€2.50m
Denmark,danemark,3436,Patrick Dorgu,Left Winger,21,Manchester United,€35.00m
Denmark,danemark,3436,Adam Daghim,Right Winger,20,VfL Wolfsburg,€7.50m
Denmark,danemark,3436,Jacob Trenskow,Right Winger,25,SC Heerenveen,€7.50m
Denmark,danemark,3436,Rasmus Højlund,Centre-Forward,23,SSC Napoli,€60.00m
Denmark,danemark,3436,William Osula,Centre-Forward,22,Newcastle United,€28.00m
Denmark,danemark,3436,Kasper Høgh,Centre-Forward,25,FK Bodø/Glimt,€12.00m
Uruguay,uruguay,3449,Santiago Mele,Goalkeeper,28,CF Monterrey,€2.00m
Uruguay,uruguay,3449,Sergio Rochet,Goalkeeper,33,Sport Club Internacional,€1.80m
Uruguay,uruguay,3449,Fernando Muslera,Goalkeeper,39,Club Estudiantes de La Plata,€700k
Uruguay,uruguay,3449,Ronald Araujo,Centre-Back,27,FC Barcelona,€20.00m
Uruguay,uruguay,3449,Santiago Bueno,Centre-Back,27,Wolverhampton Wanderers,€10.00m
Uruguay,uruguay,3449,José María Giménez,Centre-Back,31,Atlético de Madrid,€9.00m
Uruguay,uruguay,3449,Sebastián Cáceres,Centre-Back,26,CF América,€4.50m
Uruguay,uruguay,3449,Maxi Araújo,Left-Back,26,Sporting CP,€35.00m
Uruguay,uruguay,3449,Mathías Olivera,Left-Back,28,SSC Napoli,€15.00m
Uruguay,uruguay,3449,Joaquín Piquerez,Left-Back,27,Sociedade Esportiva Palmeiras,€12.00m
Uruguay,uruguay,3449,Juan Manuel Sanabria,Left-Back,26,Real Salt Lake City,€4.00m
Uruguay,uruguay,3449,Matías Viña,Left-Back,28,CA River Plate,€3.50m
Uruguay,uruguay,3449,Guillermo Varela,Right-Back,33,CR Flamengo,€1.00m
Uruguay,uruguay,3449,Manuel Ugarte,Defensive Midfield,25,Manchester United,€25.00m
Uruguay,uruguay,3449,Rodrigo Bentancur,Defensive Midfield,28,Tottenham Hotspur,€20.00m
Uruguay,uruguay,3449,Emiliano Martínez,Defensive Midfield,26,Sociedade Esportiva Palmeiras,€6.50m
Uruguay,uruguay,3449,Federico Valverde,Central Midfield,27,Real Madrid,€90.00m
Uruguay,uruguay,3449,Nicolás de la Cruz,Central Midfield,29,CR Flamengo,€8.00m
Uruguay,uruguay,3449,Rodrigo Zalazar,Attacking Midfield,26,SC Braga,€30.00m
Uruguay,uruguay,3449,Giorgian de Arrascaeta,Attacking Midfield,32,CR Flamengo,€14.00m
Uruguay,uruguay,3449,Agustín Canobbio,Left Winger,27,Fluminense Football Club,€8.00m
Uruguay,uruguay,3449,Brian Rodríguez,Left Winger,26,CF América,€8.00m
Uruguay,uruguay,3449,Facundo Pellistri,Right Winger,24,Panathinaikos,€5.00m
Uruguay,uruguay,3449,Darwin Núñez,Centre-Forward,26,Al-Hilal SFC,€20.00m
Uruguay,uruguay,3449,Federico Viñas,Centre-Forward,27,Real Oviedo,€4.00m
Uruguay,uruguay,3449,Rodrigo Aguirre,Centre-Forward,31,Tigres UANL,€2.30m
Switzerland,schweiz,3384,Gregor Kobel,Goalkeeper,28,Borussia Dortmund,€40.00m
Switzerland,schweiz,3384,Marvin Keller,Goalkeeper,23,BSC Young Boys,€6.00m
Switzerland,schweiz,3384,Yvon Mvogo,Goalkeeper,32,FC Lorient,€2.50m
Switzerland,schweiz,3384,Manuel Akanji,Centre-Back,30,Inter Milan,€17.00m
Switzerland,schweiz,3384,Aurèle Amenda,Centre-Back,22,Eintracht Frankfurt,€10.00m
Switzerland,schweiz,3384,Luca Jaquez,Centre-Back,23,VfB Stuttgart,€10.00m
Switzerland,schweiz,3384,Nico Elvedi,Centre-Back,29,Borussia Mönchengladbach,€8.00m
Switzerland,schweiz,3384,Eray Cömert,Centre-Back,28,Valencia CF,€2.50m
Switzerland,schweiz,3384,Miro Muheim,Left-Back,28,Hamburger SV,€5.00m
Switzerland,schweiz,3384,Ricardo Rodríguez,Left-Back,33,Real Betis Balompié,€1.40m
Switzerland,schweiz,3384,Silvan Widmer,Right-Back,33,1.FSV Mainz 05,€800k
Switzerland,schweiz,3384,Denis Zakaria,Defensive Midfield,29,AS Monaco,€25.00m
Switzerland,schweiz,3384,Ardon Jashari,Defensive Midfield,23,AC Milan,€25.00m
Switzerland,schweiz,3384,Granit Xhaka,Defensive Midfield,33,Sunderland AFC,€8.00m
Switzerland,schweiz,3384,Johan Manzambi,Central Midfield,20,SC Freiburg,€50.00m
Switzerland,schweiz,3384,Djibril Sow,Central Midfield,29,Sevilla FC,€7.50m
Switzerland,schweiz,3384,Michel Aebischer,Central Midfield,29,Pisa Sporting Club,€4.00m
Switzerland,schweiz,3384,Remo Freuler,Central Midfield,34,Bologna FC 1909,€3.00m
Switzerland,schweiz,3384,Fabian Rieder,Attacking Midfield,24,FC Augsburg,€12.00m
Switzerland,schweiz,3384,Christian Fassnacht,Attacking Midfield,32,BSC Young Boys,€2.00m
Switzerland,schweiz,3384,Noah Okafor,Left Winger,26,Leeds United,€25.00m
Switzerland,schweiz,3384,Rubén Vargas,Left Winger,27,Sevilla FC,€12.00m
Switzerland,schweiz,3384,Dan Ndoye,Right Winger,25,Nottingham Forest,€32.00m
Switzerland,schweiz,3384,Breel Embolo,Centre-Forward,29,Stade Rennais FC,€15.00m
Switzerland,schweiz,3384,Zeki Amdouni,Centre-Forward,25,Burnley FC,€7.00m
Switzerland,schweiz,3384,Cedric Itten,Centre-Forward,29,Fortuna Düsseldorf,€1.80m
Colombia,kolumbien,3816,Álvaro Montero,Goalkeeper,31,CA Vélez Sarsfield,€2.50m
Colombia,kolumbien,3816,Camilo Vargas,Goalkeeper,37,Atlas Guadalajara,€450k
Colombia,kolumbien,3816,David Ospina,Goalkeeper,37,Atlético Nacional,€100k
Colombia,kolumbien,3816,Jhon Lucumí,Centre-Back,27,Bologna FC 1909,€22.00m
Colombia,kolumbien,3816,Davinson Sánchez,Centre-Back,29,Galatasaray,€16.00m
Colombia,kolumbien,3816,Willer Ditta,Centre-Back,28,CD Cruz Azul,€5.50m
Colombia,kolumbien,3816,Yerry Mina,Centre-Back,31,Cagliari Calcio,€2.50m
Colombia,kolumbien,3816,Deiver Machado,Left-Back,32,FC Nantes,€1.80m
Colombia,kolumbien,3816,Johan Mojica,Left-Back,33,RCD Mallorca,€1.50m
Colombia,kolumbien,3816,Daniel Muñoz,Right-Back,30,Crystal Palace,€22.00m
Colombia,kolumbien,3816,Santiago Arias,Right-Back,34,CA Independiente,€1.20m
Colombia,kolumbien,3816,Richard Ríos,Defensive Midfield,26,SL Benfica,€25.00m
Colombia,kolumbien,3816,Jefferson Lerma,Defensive Midfield,31,Crystal Palace,€6.00m
Colombia,kolumbien,3816,Kevin Castaño,Defensive Midfield,25,CA River Plate,€5.00m
Colombia,kolumbien,3816,Gustavo Puerta,Central Midfield,22,Racing Santander,€10.00m
Colombia,kolumbien,3816,Juan Portilla,Central Midfield,27,Club Athletico Paranaense,€5.00m
Colombia,kolumbien,3816,Jorge Carrascal,Attacking Midfield,28,CR Flamengo,€13.00m
Colombia,kolumbien,3816,Juan Fernando Quintero,Attacking Midfield,33,CA River Plate,€1.80m
Colombia,kolumbien,3816,James Rodríguez,Attacking Midfield,34,Minnesota United FC,€1.50m
Colombia,kolumbien,3816,Luis Díaz,Left Winger,29,Bayern Munich,€70.00m
Colombia,kolumbien,3816,Andrés Gómez,Left Winger,23,Clube de Regatas Vasco da Gama,€11.00m
Colombia,kolumbien,3816,Jáminton Campaz,Left Winger,26,CA Rosario Central,€5.50m
Colombia,kolumbien,3816,Jhon Arias,Right Winger,28,Sociedade Esportiva Palmeiras,€15.00m
Colombia,kolumbien,3816,Luis Suárez,Centre-Forward,28,Sporting CP,€30.00m
Colombia,kolumbien,3816,Cucho Hernández,Centre-Forward,27,Real Betis Balompié,€18.00m
Colombia,kolumbien,3816,Jhon Córdoba,Centre-Forward,33,FC Krasnodar,€10.00m
Japan,japan,3435,Zion Suzuki,Goalkeeper,23,Parma Calcio 1913,€20.00m
Japan,japan,3435,Keisuke Osako,Goalkeeper,26,Sanfrecce Hiroshima,€2.00m
Japan,japan,3435,Tomoki Hayakawa,Goalkeeper,27,Kashima Antlers,€2.00m
Japan,japan,3435,Hiroki Ito,Centre-Back,27,Bayern Munich,€18.00m
Japan,japan,3435,Tsuyoshi Watanabe,Centre-Back,29,Feyenoord Rotterdam,€10.00m
Japan,japan,3435,Ko Itakura,Centre-Back,29,Ajax Amsterdam,€8.00m
Japan,japan,3435,Ayumu Seko,Centre-Back,26,Le Havre AC,€5.00m
Japan,japan,3435,Junnosuke Suzuki,Centre-Back,22,FC Copenhagen,€3.50m
Japan,japan,3435,Shogo Taniguchi,Centre-Back,34,Sint-Truidense VV,€750k
Japan,japan,3435,Yuto Nagatomo,Left-Back,39,FC Tokyo,€100k
Japan,japan,3435,Yukinari Sugawara,Right-Back,25,SV Werder Bremen,€5.50m
Japan,japan,3435,Takehiro Tomiyasu,Right-Back,27,Ajax Amsterdam,€5.00m
Japan,japan,3435,Kaishu Sano,Defensive Midfield,25,1.FSV Mainz 05,€40.00m
Japan,japan,3435,Wataru Endo,Defensive Midfield,33,Liverpool FC,€4.00m
Japan,japan,3435,Ao Tanaka,Central Midfield,27,Leeds United,€13.00m
Japan,japan,3435,Daichi Kamada,Attacking Midfield,29,Crystal Palace,€10.00m
Japan,japan,3435,Daizen Maeda,Left Winger,28,Celtic FC,€13.00m
Japan,japan,3435,Keito Nakamura,Left Winger,25,Stade Reims,€10.00m
Japan,japan,3435,Takefusa Kubo,Right Winger,25,Real Sociedad,€20.00m
Japan,japan,3435,Ritsu Doan,Right Winger,27,Eintracht Frankfurt,€17.00m
Japan,japan,3435,Junya Ito,Right Winger,33,KRC Genk,€3.00m
Japan,japan,3435,Yuito Suzuki,Second Striker,24,SC Freiburg,€24.00m
Japan,japan,3435,Ayase Ueda,Centre-Forward,27,Feyenoord Rotterdam,€17.00m
Japan,japan,3435,Keisuke Goto,Centre-Forward,21,Sint-Truidense VV,€10.00m
Japan,japan,3435,Kento Shiogai,Centre-Forward,21,VfL Wolfsburg,€8.00m
Japan,japan,3435,Koki Ogawa,Centre-Forward,28,NEC Nijmegen,€2.00m
Algeria,algerien,3614,Luca Zidane,Goalkeeper,28,Granada CF,€1.00m
Algeria,algerien,3614,Oussama Benbout,Goalkeeper,31,USM Alger,€850k
Algeria,algerien,3614,Melvin Mastil,Goalkeeper,26,FC Stade Nyonnais,€250k
Algeria,algerien,3614,Ramy Bensebaini,Centre-Back,31,Borussia Dortmund,€7.00m
Algeria,algerien,3614,Samir Chergui,Centre-Back,27,Paris FC,€3.00m
Algeria,algerien,3614,Zineddine Belaid,Centre-Back,27,JS Kabylie,€1.80m
Algeria,algerien,3614,Mohamed Amine Tougai,Centre-Back,26,Esperance Tunis,€1.30m
Algeria,algerien,3614,Aïssa Mandi,Centre-Back,34,LOSC Lille,€1.00m
Algeria,algerien,3614,Achref Abada,Centre-Back,26,USM Alger,€1.00m
Algeria,algerien,3614,Rayan Aït-Nouri,Left-Back,25,Manchester City,€40.00m
Algeria,algerien,3614,Jaouen Hadjam,Left-Back,23,BSC Young Boys,€7.00m
Algeria,algerien,3614,Rafik Belghali,Right-Back,24,Hellas Verona,€7.00m
Algeria,algerien,3614,Ramiz Zerrouki,Defensive Midfield,28,FC Twente Enschede,€6.50m
Algeria,algerien,3614,Nabil Bentaleb,Defensive Midfield,31,LOSC Lille,€4.50m
Algeria,algerien,3614,Hicham Boudaoui,Central Midfield,26,OGC Nice,€12.00m
Algeria,algerien,3614,Yassine Titraoui,Central Midfield,22,Royal Charleroi SC,€7.00m
Algeria,algerien,3614,Ibrahim Maza,Attacking Midfield,20,Bayer 04 Leverkusen,€45.00m
Algeria,algerien,3614,Farès Chaïbi,Attacking Midfield,23,Eintracht Frankfurt,€15.00m
Algeria,algerien,3614,Houssem Aouar,Attacking Midfield,27,Al-Ittihad Club,€8.00m
Algeria,algerien,3614,Adil Boulbina,Left Winger,23,Al-Duhail SC,€3.00m
Algeria,algerien,3614,Anis Hadj Moussa,Right Winger,24,Feyenoord Rotterdam,€23.00m
Algeria,algerien,3614,Farès Ghedjemis,Right Winger,23,Frosinone Calcio,€7.50m
Algeria,algerien,3614,Riyad Mahrez,Right Winger,35,Al-Ahli SFC,€5.00m
Algeria,algerien,3614,Amine Gouiri,Centre-Forward,26,Olympique Marseille,€28.00m
Algeria,algerien,3614,Mohamed Amoura,Centre-Forward,26,VfL Wolfsburg,€20.00m
Algeria,algerien,3614,Nadhir Benbouali,Centre-Forward,26,ETO FC,€1.20m
Ukraine,ukraine,3699,Anatoliy Trubin,Goalkeeper,24,SL Benfica,€25.00m
Ukraine,ukraine,3699,Ruslan Neshcheret,Goalkeeper,24,Dynamo Kyiv,€3.50m
Ukraine,ukraine,3699,Georgiy Yermakov,Goalkeeper,24,Maccabi Haifa,€2.50m
Ukraine,ukraine,3699,Ilya Zabarnyi,Centre-Back,23,Paris Saint-Germain,€40.00m
Ukraine,ukraine,3699,Mykola Matvienko,Centre-Back,30,Shakhtar Donetsk,€12.00m
Ukraine,ukraine,3699,Taras Mykhavko,Centre-Back,21,Dynamo Kyiv,€10.00m
Ukraine,ukraine,3699,Valeriy Bondar,Centre-Back,27,Shakhtar Donetsk,€8.00m
Ukraine,ukraine,3699,Eduard Sarapiy,Centre-Back,27,Polissya Zhytomyr,€2.50m
Ukraine,ukraine,3699,Oleksandr Romanchuk,Centre-Back,26,Universitatea Craiova,€2.50m
Ukraine,ukraine,3699,Vitaliy Mykolenko,Left-Back,27,Everton FC,€25.00m
Ukraine,ukraine,3699,Volodymyr Brazhko,Defensive Midfield,24,Dynamo Kyiv,€10.00m
Ukraine,ukraine,3699,Mykola Shaparenko,Central Midfield,27,Dynamo Kyiv,€8.00m
Ukraine,ukraine,3699,Ruslan Malinovskyi,Central Midfield,33,Genoa CFC,€2.50m
Ukraine,ukraine,3699,Yegor Nazaryna,Central Midfield,28,Shakhtar Donetsk,€2.50m
Ukraine,ukraine,3699,Danylo Ignatenko,Central Midfield,29,Slovan Bratislava,€1.00m
Ukraine,ukraine,3699,Georgiy Sudakov,Attacking Midfield,23,SL Benfica,€25.00m
Ukraine,ukraine,3699,Artem Bondarenko,Attacking Midfield,25,Shakhtar Donetsk,€8.00m
Ukraine,ukraine,3699,Oleg Ocheretko,Attacking Midfield,23,Shakhtar Donetsk,€7.00m
Ukraine,ukraine,3699,Oleksandr Nazarenko,Left Winger,26,Polissya Zhytomyr,€2.50m
Ukraine,ukraine,3699,Viktor Tsygankov,Right Winger,28,Girona FC,€15.00m
Ukraine,ukraine,3699,Gennadiy Synchuk,Right Winger,19,CF Montréal,€3.00m
Ukraine,ukraine,3699,Andriy Yarmolenko,Right Winger,36,Dynamo Kyiv,€1.00m
Ukraine,ukraine,3699,Artem Dovbyk,Centre-Forward,28,AS Roma,€15.00m
Ukraine,ukraine,3699,Matviy Ponomarenko,Centre-Forward,20,Dynamo Kyiv,€12.00m
Ukraine,ukraine,3699,Roman Yaremchuk,Centre-Forward,30,Olympique Lyon,€3.50m
Austria,osterreich,3383,Florian Wiegele,Goalkeeper,25,FC Viktoria Plzen,€2.20m
Austria,osterreich,3383,Patrick Pentz,Goalkeeper,29,Bröndby IF,€2.20m
Austria,osterreich,3383,Alexander Schlager,Goalkeeper,30,Red Bull Salzburg,€2.00m
Austria,osterreich,3383,David Affengruber,Centre-Back,25,Elche CF,€20.00m
Austria,osterreich,3383,Kevin Danso,Centre-Back,27,Tottenham Hotspur,€20.00m
Austria,osterreich,3383,Philipp Lienhart,Centre-Back,29,SC Freiburg,€10.00m
Austria,osterreich,3383,Marco Friedl,Centre-Back,28,SV Werder Bremen,€10.00m
Austria,osterreich,3383,Stefan Posch,Centre-Back,29,1.FSV Mainz 05,€6.00m
Austria,osterreich,3383,Michael Svoboda,Centre-Back,27,Venezia FC,€3.50m
Austria,osterreich,3383,David Alaba,Centre-Back,33,Real Madrid,€3.00m
Austria,osterreich,3383,Phillipp Mwene,Left-Back,32,1.FSV Mainz 05,€1.50m
Austria,osterreich,3383,Konrad Laimer,Right-Back,29,Bayern Munich,€32.00m
Austria,osterreich,3383,Nicolas Seiwald,Defensive Midfield,25,RB Leipzig,€25.00m
Austria,osterreich,3383,Florian Grillitsch,Defensive Midfield,30,SC Braga,€2.50m
Austria,osterreich,3383,Paul Wanner,Central Midfield,20,PSV Eindhoven,€22.00m
Austria,osterreich,3383,Carney Chukwuemeka,Central Midfield,22,Borussia Dortmund,€20.00m
Austria,osterreich,3383,Xaver Schlager,Central Midfield,28,RB Leipzig,€10.00m
Austria,osterreich,3383,Marcel Sabitzer,Central Midfield,32,Borussia Dortmund,€6.00m
Austria,osterreich,3383,Alessandro Schöpf,Central Midfield,32,Wolfsberger AC,€800k
Austria,osterreich,3383,Alexander Prass,Left Midfield,25,TSG 1899 Hoffenheim,€9.00m
Austria,osterreich,3383,Romano Schmid,Attacking Midfield,26,SV Werder Bremen,€15.00m
Austria,osterreich,3383,Patrick Wimmer,Right Winger,25,VfL Wolfsburg,€12.00m
Austria,osterreich,3383,Sasa Kalajdzic,Centre-Forward,28,LASK,€4.00m
Austria,osterreich,3383,Marko Arnautovic,Centre-Forward,37,Red Star Belgrade,€2.00m
Austria,osterreich,3383,Michael Gregoritsch,Centre-Forward,32,FC Augsburg,€1.50m
Ghana,ghana,3441,Lawrence Ati Zigi,Goalkeeper,29,FC St. Gallen 1879,€1.50m
Ghana,ghana,3441,Joseph Anang,Goalkeeper,26,St. Patrick's Athletic,€350k
Ghana,ghana,3441,Benjamin Asare,Goalkeeper,33,Hearts of Oak,€100k
Ghana,ghana,3441,Kojo Peprah Oppong,Centre-Back,22,OGC Nice,€10.00m
Ghana,ghana,3441,Alidu Seidu,Centre-Back,26,Stade Rennais FC,€6.00m
Ghana,ghana,3441,Jonas Adjetey,Centre-Back,22,VfL Wolfsburg,€6.00m
Ghana,ghana,3441,Jerome Opoku,Centre-Back,27,Basaksehir FK,€5.00m
Ghana,ghana,3441,Abdul Mumin,Centre-Back,28,Rayo Vallecano,€3.00m
Ghana,ghana,3441,Derrick Luckassen,Centre-Back,30,Pafos FC,€1.00m
Ghana,ghana,3441,Gideon Mensah,Left-Back,27,AJ Auxerre,€4.00m
Ghana,ghana,3441,Abdul Rahman Baba,Left-Back,31,PAOK Thessaloniki,€2.00m
Ghana,ghana,3441,Marvin Senaya,Right-Back,25,AJ Auxerre,€3.00m
Ghana,ghana,3441,Elisha Owusu,Defensive Midfield,28,AJ Auxerre,€4.00m
Ghana,ghana,3441,Thomas Partey,Defensive Midfield,32,Villarreal CF,€2.00m
Ghana,ghana,3441,Caleb Yirenkyi,Central Midfield,20,FC Nordsjaelland,€10.00m
Ghana,ghana,3441,Kwasi Sibo,Central Midfield,27,Real Oviedo,€1.40m
Ghana,ghana,3441,Emmanuel Agyei,Central Midfield,21,Dundee United FC,€250k
Ghana,ghana,3441,Augustine Boakye,Attacking Midfield,25,AS Saint-Étienne,€6.00m
Ghana,ghana,3441,Kamaldeen Sulemana,Left Winger,24,Atalanta BC,€17.00m
Ghana,ghana,3441,Christopher Bonsu Baah,Left Winger,21,Al-Qadsiah FC,€14.00m
Ghana,ghana,3441,Antoine Semenyo,Right Winger,26,Manchester City,€80.00m
Ghana,ghana,3441,Abdul Fatawu,Right Winger,22,Leicester City,€20.00m
Ghana,ghana,3441,Ernest Nuamah,Right Winger,22,Olympique Lyon,€10.00m
Ghana,ghana,3441,Iñaki Williams,Right Winger,31,Athletic Bilbao,€8.00m
Ghana,ghana,3441,Brandon Thomas-Asante,Centre-Forward,27,Coventry City,€16.00m
Ghana,ghana,3441,Prince Adu,Centre-Forward,22,FC Viktoria Plzen,€3.00m
Ghana,ghana,3441,Jordan Ayew,Centre-Forward,34,Leicester City,€1.00m
Poland,polen,3442,Kamil Grabara,Goalkeeper,27,VfL Wolfsburg,€12.00m
Poland,polen,3442,Marcin Bulka,Goalkeeper,26,NEOM SC,€12.00m
Poland,polen,3442,Mateusz Kochalski,Goalkeeper,25,Qarabağ FK,€2.00m
Poland,polen,3442,Jakub Kiwior,Centre-Back,26,FC Porto,€35.00m
Poland,polen,3442,Kacper Potulski,Centre-Back,18,1.FSV Mainz 05,€18.00m
Poland,polen,3442,Jan Bednarek,Centre-Back,30,FC Porto,€11.00m
Poland,polen,3442,Oskar Wójcik,Centre-Back,22,Cracovia,€5.00m
Poland,polen,3442,Przemysław Wiśniewski,Centre-Back,27,Widzew Lodz,€2.50m
Poland,polen,3442,Tomasz Kedziora,Centre-Back,31,PAOK Thessaloniki,€2.00m
Poland,polen,3442,Arkadiusz Pyrka,Right-Back,23,FC St. Pauli,€3.50m
Poland,polen,3442,Norbert Wojtuszek,Right-Back,24,Jagiellonia Bialystok,€3.00m
Poland,polen,3442,Bartosz Slisz,Defensive Midfield,27,Bröndby IF,€3.50m
Poland,polen,3442,Piotr Zielinski,Central Midfield,32,Inter Milan,€10.00m
Poland,polen,3442,Jakub Piotrowski,Central Midfield,28,Udinese Calcio,€4.50m
Poland,polen,3442,Nicola Zalewski,Left Midfield,24,Atalanta BC,€20.00m
Poland,polen,3442,Sebastian Szymanski,Attacking Midfield,27,Stade Rennais FC,€12.00m
Poland,polen,3442,Kacper Kozlowski,Attacking Midfield,22,Gaziantep FK,€6.00m
Poland,polen,3442,Filip Rózga,Attacking Midfield,19,SK Sturm Graz,€2.80m
Poland,polen,3442,Bartosz Kapustka,Attacking Midfield,29,Legia Warszawa,€800k
Poland,polen,3442,Oskar Pietuszewski,Left Winger,18,FC Porto,€25.00m
Poland,polen,3442,Jakub Kaminski,Left Winger,24,1.FC Köln,€17.00m
Poland,polen,3442,Michal Skoras,Left Winger,26,KAA Gent,€4.00m
Poland,polen,3442,Robert Lewandowski,Centre-Forward,37,FC Barcelona,€7.00m
Poland,polen,3442,Mateusz Zukowski,Centre-Forward,24,1.FC Magdeburg,€6.00m
Poland,polen,3442,Karol Świderski,Centre-Forward,29,Panathinaikos,€4.50m
Poland,polen,3442,Karol Czubak,Centre-Forward,26,Motor Lublin,€2.50m
Hungary,ungarn,3468,Áron Yaakobishvili,Goalkeeper,20,FC Andorra,€3.00m
Hungary,ungarn,3468,Balázs Tóth,Goalkeeper,28,Blackburn Rovers,€1.00m
Hungary,ungarn,3468,Ármin Pécsi,Goalkeeper,21,Liverpool FC U21,€800k
Hungary,ungarn,3468,Péter Szappanos,Goalkeeper,35,Puskás Akadémia FC,€350k
Hungary,ungarn,3468,Willi Orbán,Centre-Back,33,RB Leipzig,€5.00m
Hungary,ungarn,3468,Márton Dárdai,Centre-Back,24,Hertha BSC,€2.50m
Hungary,ungarn,3468,Márk Csinger,Centre-Back,23,ETO FC,€1.00m
Hungary,ungarn,3468,Kornél Szűcs,Centre-Back,24,FK Vojvodina Novi Sad,€750k
Hungary,ungarn,3468,Milos Kerkez,Left-Back,22,Liverpool FC,€35.00m
Hungary,ungarn,3468,Callum Styles,Left-Back,26,West Bromwich Albion,€3.00m
Hungary,ungarn,3468,Zsolt Nagy,Left-Back,33,Puskás Akadémia FC,€1.20m
Hungary,ungarn,3468,Ákos Markgráf,Left-Back,20,Puskás Akadémia FC,€800k
Hungary,ungarn,3468,Roland Sallai,Right-Back,29,Galatasaray,€14.00m
Hungary,ungarn,3468,Bendegúz Bolla,Right-Back,26,Rapid Vienna,€3.00m
Hungary,ungarn,3468,Attila Osváth,Right-Back,30,Ferencvárosi TC,€700k
Hungary,ungarn,3468,Péter Baráth,Defensive Midfield,24,SK Sigma Olomouc,€2.50m
Hungary,ungarn,3468,Rajmund Tóth,Defensive Midfield,22,ETO FC,€900k
Hungary,ungarn,3468,Alex Tóth,Central Midfield,20,AFC Bournemouth,€12.00m
Hungary,ungarn,3468,András Schäfer,Central Midfield,27,1.FC Union Berlin,€4.50m
Hungary,ungarn,3468,Milán Vitális,Central Midfield,24,ETO FC,€2.00m
Hungary,ungarn,3468,Tamás Szűcs,Central Midfield,21,Debreceni VSC,€1.50m
Hungary,ungarn,3468,Norbert Szendrei,Central Midfield,26,Zalaegerszegi TE FC,€700k
Hungary,ungarn,3468,Dominik Szoboszlai,Attacking Midfield,25,Liverpool FC,€100.00m
Hungary,ungarn,3468,Szabolcs Schön,Left Winger,25,ETO FC,€1.20m
Hungary,ungarn,3468,Damir Redzic,Right Winger,23,Red Bull Salzburg,€4.00m
Hungary,ungarn,3468,Barnabás Varga,Centre-Forward,31,AEK Athens,€4.00m
Hungary,ungarn,3468,Zsombor Gruber,Centre-Forward,21,Ferencvárosi TC,€1.50m
Hungary,ungarn,3468,Bendegúz Kovács,Centre-Forward,19,AZ Alkmaar U21,€1.50m
Hungary,ungarn,3468,Dániel Lukács,Centre-Forward,30,Puskás Akadémia FC,€800k
Serbia,serbien,3438,Filip Stanković,Goalkeeper,24,Venezia FC,€8.00m
Serbia,serbien,3438,Veljko Ilić,Goalkeeper,22,Widzew Lodz,€1.00m
Serbia,serbien,3438,Luka Lijeskic,Goalkeeper,21,FK Radnicki 1923 Kragujevac,€600k
Serbia,serbien,3438,Strahinja Pavlović,Centre-Back,25,AC Milan,€40.00m
Serbia,serbien,3438,Strahinja Erakovic,Centre-Back,25,Red Star Belgrade,€7.00m
Serbia,serbien,3438,Nikola Simic,Centre-Back,19,FK Partizan Belgrade,€6.00m
Serbia,serbien,3438,Mirko Milikic,Centre-Back,24,FK Zeleznicar Pancevo,€2.50m
Serbia,serbien,3438,Petar Petrovic,Centre-Back,20,FK Javor-Matis Ivanjica,€1.70m
Serbia,serbien,3438,Vukasin Djurdjevic,Centre-Back,22,FK Partizan Belgrade,€1.00m
Serbia,serbien,3438,Adem Avdic,Left-Back,18,Red Star Belgrade,€10.00m
Serbia,serbien,3438,Stefan Bukinac,Left-Back,20,BSC Young Boys,€3.50m
Serbia,serbien,3438,Kosta Nedeljkovic,Right-Back,20,RB Leipzig,€6.00m
Serbia,serbien,3438,Ognjen Mimović,Right-Back,21,Pafos FC,€2.70m
Serbia,serbien,3438,Aleksandar Stanković,Defensive Midfield,20,Club Brugge KV,€32.00m
Serbia,serbien,3438,Vanja Dragojevic,Defensive Midfield,20,FK Partizan Belgrade,€8.00m
Serbia,serbien,3438,Njegos Petrovic,Defensive Midfield,26,FK Vojvodina Novi Sad,€4.50m
Serbia,serbien,3438,Vasilije Kostov,Attacking Midfield,18,Red Star Belgrade,€25.00m
Serbia,serbien,3438,Andrija Maksimovic,Attacking Midfield,19,RB Leipzig,€9.00m
Serbia,serbien,3438,Dejan Zukic,Attacking Midfield,25,Wolfsberger AC,€3.00m
Serbia,serbien,3438,Veljko Birmancevic,Left Winger,28,Getafe CF,€3.50m
Serbia,serbien,3438,Vladimir Lucic,Left Winger,23,Red Star Belgrade,€1.80m
Serbia,serbien,3438,Andrija Zivkovic,Right Winger,29,PAOK Thessaloniki,€8.00m
Serbia,serbien,3438,Lazar Randjelovic,Right Winger,28,FK Vojvodina Novi Sad,€1.70m
Serbia,serbien,3438,Mihailo Ivanović,Centre-Forward,21,Millwall FC,€9.00m
Serbia,serbien,3438,Jovan Milosevic,Centre-Forward,20,SV Werder Bremen,€7.00m
Serbia,serbien,3438,Nikola Stulic,Centre-Forward,24,US Lecce,€3.50m
Cameroon,kamerun,3434,Simon Ngapandouetnbu,Goalkeeper,23,Montpellier HSC,€2.50m
Cameroon,kamerun,3434,Blondy Nna Noukeu,Goalkeeper,25,US Boulogne,€700k
Cameroon,kamerun,3434,Devis Epassy,Goalkeeper,33,FC Dinamo 1948,€400k
Cameroon,kamerun,3434,Samuel Kotto,Centre-Back,22,Stade Reims,€4.00m
Cameroon,kamerun,3434,Kévin Keben,Centre-Back,22,Watford FC,€3.50m
Cameroon,kamerun,3434,Che Malone,Centre-Back,27,USM Alger,€800k
Cameroon,kamerun,3434,Stephane Keller,Centre-Back,24,Al-Ittihad Club,€400k
Cameroon,kamerun,3434,Emmanuel Moungam,Centre-Back,20,Landskrona BoIS,€200k
Cameroon,kamerun,3434,Mahamadou Nagida,Left-Back,20,Stade Rennais FC,€7.00m
Cameroon,kamerun,3434,Darlin Yongwa,Left-Back,25,FC Lorient,€5.00m
Cameroon,kamerun,3434,Jackson Tchatchoua,Right-Back,24,Wolverhampton Wanderers,€12.00m
Cameroon,kamerun,3434,Oliver Kamdem,Right-Back,23,Levski Sofia,€1.20m
Cameroon,kamerun,3434,Ryan Fosso,Defensive Midfield,23,SK Sturm Graz,€2.00m
Cameroon,kamerun,3434,Fidel Brice Ambina,Defensive Midfield,24,Vålerenga Fotball Elite,€1.80m
Cameroon,kamerun,3434,Arnold Kamdem,Defensive Midfield,26,CS Sinop,€100k
Cameroon,kamerun,3434,Arthur Avom,Central Midfield,21,FC Lorient,€20.00m
Cameroon,kamerun,3434,Maël Fernandez Monyebe,Central Midfield,19,Gazelle FA de Garoua,-
Cameroon,kamerun,3434,Danny Namaso,Left Winger,25,AJ Auxerre,€6.00m
Cameroon,kamerun,3434,Konrad Nfanseu Sinyam,Left Winger,21,Panthère Sportive du Ndé,-
Cameroon,kamerun,3434,Bryan Mbeumo,Right Winger,26,Manchester United,€75.00m
Cameroon,kamerun,3434,Saidou Alioum,Right Winger,22,IFK Göteborg,€900k
Cameroon,kamerun,3434,Christian Kofane,Centre-Forward,19,Bayer 04 Leverkusen,€40.00m
Cameroon,kamerun,3434,Karl Etta Eyong,Centre-Forward,22,Levante UD,€15.00m
Cameroon,kamerun,3434,Angel Yondjo Matah,Centre-Forward,19,LOSC Lille B,€200k
Canada,kanada,3510,Dayne St. Clair,Goalkeeper,29,Inter Miami CF,€3.50m
Canada,kanada,3510,Maxime Crépeau,Goalkeeper,32,Orlando City SC,€1.80m
Canada,kanada,3510,Owen Goodman,Goalkeeper,22,Barnsley FC,€550k
Canada,kanada,3510,Moïse Bombito,Centre-Back,26,OGC Nice,€7.00m
Canada,kanada,3510,Alfie Jones,Centre-Back,28,Middlesbrough FC,€6.00m
Canada,kanada,3510,Derek Cornelius,Centre-Back,28,Olympique Marseille,€2.50m
Canada,kanada,3510,Joel Waterman,Centre-Back,30,Chicago Fire FC,€2.00m
Canada,kanada,3510,Luc De Fougerolles,Centre-Back,20,FCV Dender EH,€1.00m
Canada,kanada,3510,Alphonso Davies,Left-Back,25,Bayern Munich,€40.00m
Canada,kanada,3510,Alistair Johnston,Right-Back,27,Celtic FC,€8.00m
Canada,kanada,3510,Richie Laryea,Right-Back,31,Toronto FC,€1.00m
Canada,kanada,3510,Niko Sigur,Defensive Midfield,22,HNK Hajduk Split,€4.00m
Canada,kanada,3510,Ismaël Koné,Central Midfield,23,US Sassuolo,€25.00m
Canada,kanada,3510,Nathan-Dylan Saliba,Central Midfield,22,RSC Anderlecht,€7.50m
Canada,kanada,3510,Stephen Eustaquio,Central Midfield,29,Los Angeles FC,€6.00m
Canada,kanada,3510,Jonathan Osorio,Central Midfield,33,Toronto FC,€1.00m
Canada,kanada,3510,Mathieu Choinière,Central Midfield,27,Los Angeles FC,€800k
Canada,kanada,3510,Ali Ahmed,Left Midfield,25,Norwich City,€5.00m
Canada,kanada,3510,Liam Millar,Left Winger,26,Hull City,€3.00m
Canada,kanada,3510,Jacob Shaffelburg,Left Winger,26,Los Angeles FC,€2.50m
Canada,kanada,3510,Tajon Buchanan,Right Winger,27,Villarreal CF,€12.00m
Canada,kanada,3510,Jonathan David,Centre-Forward,26,Juventus FC,€30.00m
Canada,kanada,3510,Promise David,Centre-Forward,24,Union Saint-Gilloise,€17.00m
Canada,kanada,3510,Tani Oluwaseyi,Centre-Forward,26,Villarreal CF,€7.00m
Canada,kanada,3510,Cyle Larin,Centre-Forward,31,Southampton FC,€2.50m
Mexico,mexiko,6303,Raúl Rangel,Goalkeeper,26,Deportivo Guadalajara,€6.50m
Mexico,mexiko,6303,Carlos Acevedo,Goalkeeper,30,Santos Laguna,€2.80m
Mexico,mexiko,6303,Guillermo Ochoa,Goalkeeper,40,AEL Limassol,€250k
Mexico,mexiko,6303,Johan Vásquez,Centre-Back,27,Genoa CFC,€12.00m
Mexico,mexiko,6303,César Montes,Centre-Back,29,Lokomotiv Moscow,€7.50m
Mexico,mexiko,6303,Luis Romo,Centre-Back,31,Deportivo Guadalajara,€3.00m
Mexico,mexiko,6303,Mateo Chávez,Left-Back,22,AZ Alkmaar,€4.00m
Mexico,mexiko,6303,Jesús Gallardo,Left-Back,31,Deportivo Toluca,€2.80m
Mexico,mexiko,6303,Israel Reyes,Right-Back,26,CF América,€6.50m
Mexico,mexiko,6303,Jorge Sánchez,Right-Back,28,PAOK Thessaloniki,€2.00m
Mexico,mexiko,6303,Edson Álvarez,Defensive Midfield,28,Fenerbahce,€15.00m
Mexico,mexiko,6303,Érik Lira,Defensive Midfield,26,CD Cruz Azul,€12.00m
Mexico,mexiko,6303,Luis Chávez,Defensive Midfield,30,Dynamo Moscow,€6.00m
Mexico,mexiko,6303,Obed Vargas,Central Midfield,20,Atlético de Madrid,€10.00m
Mexico,mexiko,6303,Orbelín Pineda,Central Midfield,30,AEK Athens,€7.00m
Mexico,mexiko,6303,Álvaro Fidalgo,Central Midfield,29,Real Betis Balompié,€6.00m
Mexico,mexiko,6303,Gilberto Mora,Attacking Midfield,17,Club Tijuana,€10.00m
Mexico,mexiko,6303,Brian Gutiérrez,Attacking Midfield,22,Deportivo Guadalajara,€8.00m
Mexico,mexiko,6303,Alexis Vega,Left Winger,28,Deportivo Toluca,€8.00m
Mexico,mexiko,6303,César Huerta,Left Winger,25,RSC Anderlecht,€3.50m
Mexico,mexiko,6303,Roberto Alvarado,Right Winger,27,Deportivo Guadalajara,€7.50m
Mexico,mexiko,6303,Santiago Gimenez,Centre-Forward,25,AC Milan,€18.00m
Mexico,mexiko,6303,Armando González,Centre-Forward,23,Deportivo Guadalajara,€15.00m
Mexico,mexiko,6303,Julián Quiñones,Centre-Forward,29,Al-Qadsiah FC,€14.00m
Mexico,mexiko,6303,Raúl Jiménez,Centre-Forward,35,Fulham FC,€3.00m
Mexico,mexiko,6303,Guillermo Martínez,Centre-Forward,31,UNAM Pumas,€1.50m
Nigeria,nigeria,3444,Maduka Okoye,Goalkeeper,26,Udinese Calcio,€10.00m
Nigeria,nigeria,3444,Arthur Okonkwo,Goalkeeper,24,Wrexham AFC,€5.00m
Nigeria,nigeria,3444,Francis Uzoho,Goalkeeper,27,Omonia Nicosia,€300k
Nigeria,nigeria,3444,Calvin Bassey,Centre-Back,26,Fulham FC,€28.00m
Nigeria,nigeria,3444,Emmanuel Fernandez,Centre-Back,24,Rangers FC,€18.00m
Nigeria,nigeria,3444,Igoh Ogbu,Centre-Back,26,SK Slavia Prague,€7.00m
Nigeria,nigeria,3444,Semi Ajayi,Centre-Back,32,Hull City,€700k
Nigeria,nigeria,3444,Zaidu Sanusi,Left-Back,28,FC Porto,€3.00m
Nigeria,nigeria,3444,Bruno Onyemaechi,Left-Back,27,Olympiacos Piraeus,€2.50m
Nigeria,nigeria,3444,Raphael Onyedika,Defensive Midfield,25,Club Brugge KV,€23.00m
Nigeria,nigeria,3444,Wilfred Ndidi,Defensive Midfield,29,Besiktas JK,€8.00m
Nigeria,nigeria,3444,Tochukwu Nnadi,Defensive Midfield,22,Olympique Marseille,€4.50m
Nigeria,nigeria,3444,Frank Onyeka,Central Midfield,28,Brentford FC,€8.00m
Nigeria,nigeria,3444,Fisayo Dele-Bashiru,Central Midfield,25,SS Lazio,€6.00m
Nigeria,nigeria,3444,Tosin Oyedokun,Central Midfield,23,Ikorodu City FC,-
Nigeria,nigeria,3444,Abdullahi Bewene,Right Midfield,21,FC Banik Ostrava,€850k
Nigeria,nigeria,3444,Moses Simon,Left Winger,30,Paris FC,€7.00m
Nigeria,nigeria,3444,Philip Otele,Left Winger,27,Hamburger SV,€4.00m
Nigeria,nigeria,3444,Akor Adams,Centre-Forward,26,Sevilla FC,€15.00m
Nigeria,nigeria,3444,Terem Moffi,Centre-Forward,27,FC Porto,€8.00m
Nigeria,nigeria,3444,Rafiu Durosinmi,Centre-Forward,23,Pisa Sporting Club,€7.00m
Nigeria,nigeria,3444,Paul Onuachu,Centre-Forward,32,Trabzonspor,€6.00m
South Korea,sudkorea,3589,Bum-keun Song,Goalkeeper,28,Jeonbuk Hyundai Motors,€1.00m
South Korea,sudkorea,3589,Hyeon-woo Jo,Goalkeeper,34,Ulsan HD FC,€650k
South Korea,sudkorea,3589,Seung-gyu Kim,Goalkeeper,35,FC Tokyo,€500k
South Korea,sudkorea,3589,Min-jae Kim,Centre-Back,29,Bayern Munich,€20.00m
South Korea,sudkorea,3589,Han-beom Lee,Centre-Back,23,FC Midtjylland,€3.00m
South Korea,sudkorea,3589,Tae-hyeon Kim,Centre-Back,25,Kashima Antlers,€1.20m
South Korea,sudkorea,3589,Gi-hyuk Lee,Centre-Back,25,Gangwon FC,€800k
South Korea,sudkorea,3589,Wi-je Cho,Centre-Back,24,Jeonbuk Hyundai Motors,€550k
South Korea,sudkorea,3589,Tae-seok Lee,Left-Back,23,Austria Vienna,€2.00m
South Korea,sudkorea,3589,Young-woo Seol,Right-Back,27,Red Star Belgrade,€6.50m
South Korea,sudkorea,3589,Moon-hwan Kim,Right-Back,30,Daejeon Hana Citizen,€750k
South Korea,sudkorea,3589,In-beom Hwang,Defensive Midfield,29,Feyenoord Rotterdam,€7.00m
South Korea,sudkorea,3589,Jin-seob Park,Defensive Midfield,30,Zhejiang FC,€1.00m
South Korea,sudkorea,3589,Jens Castrop,Central Midfield,22,Borussia Mönchengladbach,€10.00m
South Korea,sudkorea,3589,Seung-ho Paik,Central Midfield,29,Birmingham City,€2.00m
South Korea,sudkorea,3589,Jin-gyu Kim,Central Midfield,29,Jeonbuk Hyundai Motors,€1.20m
South Korea,sudkorea,3589,Kang-in Lee,Attacking Midfield,25,Paris Saint-Germain,€28.00m
South Korea,sudkorea,3589,Jun-ho Bae,Attacking Midfield,22,Stoke City,€4.00m
South Korea,sudkorea,3589,Jae-sung Lee,Attacking Midfield,33,1.FSV Mainz 05,€2.00m
South Korea,sudkorea,3589,Dong-gyeong Lee,Attacking Midfield,28,Ulsan HD FC,€1.60m
South Korea,sudkorea,3589,Heung-min Son,Left Winger,33,Los Angeles FC,€15.00m
South Korea,sudkorea,3589,Ji-sung Eom,Left Winger,24,Swansea City,€1.80m
South Korea,sudkorea,3589,Hyun-jun Yang,Right Winger,24,Celtic FC,€5.00m
South Korea,sudkorea,3589,Hyeon-gyu Oh,Centre-Forward,25,Besiktas JK,€15.00m
South Korea,sudkorea,3589,Hee-chan Hwang,Centre-Forward,30,Wolverhampton Wanderers,€6.00m
South Korea,sudkorea,3589,Gue-sung Cho,Centre-Forward,28,FC Midtjylland,€2.50m
Mali,mali,3674,Djigui Diarra,Goalkeeper,31,Young Africans SC,€400k
Mali,mali,3674,Mamadou Samassa,Goalkeeper,36,Stade Lavallois,€150k
Mali,mali,3674,N'Golo Traoré,Goalkeeper,26,Stade Malien,-
Mali,mali,3674,Ousmane Camara,Centre-Back,23,Angers SCO,€8.00m
Mali,mali,3674,Nathan Gassama,Centre-Back,25,Baltika Kaliningrad,€1.50m
Mali,mali,3674,Daouda Guindo,Left-Back,23,Stade Brestois 29,€4.50m
Mali,mali,3674,Amadou Dante,Left-Back,25,FC Arouca,€1.20m
Mali,mali,3674,Fodé Doucouré,Right-Back,25,Le Havre AC,€2.00m
Mali,mali,3674,Woyo Coulibaly,Right-Back,27,US Sassuolo,€2.00m
Mali,mali,3674,Hamari Traoré,Right-Back,34,Paris FC,€1.50m
Mali,mali,3674,Cheick Oumar Konaté,Right-Back,22,AE Kifisia,€1.20m
Mali,mali,3674,Mohamed Camara,Defensive Midfield,26,Al-Sadd SC,€9.00m
Mali,mali,3674,Soumaïla Diabaté,Defensive Midfield,21,Red Bull Salzburg,€8.00m
Mali,mali,3674,Aliou Dieng,Defensive Midfield,28,Al Ahly FC,€3.00m
Mali,mali,3674,Kalidou Sidibé,Defensive Midfield,27,EA Guingamp,€2.00m
Mali,mali,3674,Ousmane Diakité,Defensive Midfield,25,West Bromwich Albion,€1.20m
Mali,mali,3674,Mamadou Sangaré,Central Midfield,23,RC Lens,€40.00m
Mali,mali,3674,Lassana Coulibaly,Central Midfield,30,US Lecce,€2.20m
Mali,mali,3674,Moussa Diakité,Central Midfield,22,Cádiz CF,€1.00m
Mali,mali,3674,Kamory Doumbia,Attacking Midfield,23,Stade Brestois 29,€9.00m
Mali,mali,3674,Issa Djiguiba,Attacking Midfield,22,AS Real Bamako,-
Mali,mali,3674,Gaoussou Diarra,Left Winger,23,Feyenoord Rotterdam,€1.70m
Mali,mali,3674,Mahamadou Sissoko,Left Winger,21,Djoliba AC,-
Mali,mali,3674,Lassine Sinayoko,Centre-Forward,26,AJ Auxerre,€10.00m
Mali,mali,3674,Mamadou Doumbia,Centre-Forward,20,Watford FC,€4.00m
Mali,mali,3674,Gaoussou Diakité,Centre-Forward,20,FC Lausanne-Sport,€3.00m
Mali,mali,3674,Sekou Maiga,Striker,(-),Binga FC,-
Egypt,agypten,3672,Oufa Shobeir,Goalkeeper,26,Al Ahly FC,€1.20m
Egypt,agypten,3672,Mohamed Alaa,Goalkeeper,27,El Gouna FC,€1.20m
Egypt,agypten,3672,Mohamed El Shenawy,Goalkeeper,37,Al Ahly FC,€500k
Egypt,agypten,3672,El Mahdi Soliman,Goalkeeper,39,Zamalek SC,€150k
Egypt,agypten,3672,Mohamed Abdelmonem,Centre-Back,27,OGC Nice,€2.50m
Egypt,agypten,3672,Hossam Abdelmaguid,Centre-Back,25,Zamalek SC,€2.00m
Egypt,agypten,3672,Ramy Rabia,Centre-Back,33,Al-Ain FC,€600k
Egypt,agypten,3672,Yasser Ibrahim,Centre-Back,33,Al Ahly FC,€275k
Egypt,agypten,3672,Ahmed Fatouh,Left-Back,28,Zamalek SC,€1.00m
Egypt,agypten,3672,Karim Hafez,Left-Back,30,Pyramids FC,€700k
Egypt,agypten,3672,Mohamed Hany,Right-Back,30,Al Ahly FC,€1.50m
Egypt,agypten,3672,Tarek Alaa,Right-Back,24,Zed FC,€250k
Egypt,agypten,3672,Marwan Ateya,Defensive Midfield,27,Al Ahly FC,€4.00m
Egypt,agypten,3672,Mohanad Lasheen,Defensive Midfield,30,Pyramids FC,€3.00m
Egypt,agypten,3672,Hamdy Fathy,Defensive Midfield,31,Al-Wakrah SC,€1.80m
Egypt,agypten,3672,Nabil Dunga,Defensive Midfield,30,Al-Najma SC,€1.00m
Egypt,agypten,3672,Emam Ashour,Central Midfield,28,Al Ahly FC,€4.00m
Egypt,agypten,3672,Mahmoud Saber,Central Midfield,24,Zed FC,€1.50m
Egypt,agypten,3672,Trezeguet,Left Winger,31,Al Ahly FC,€4.50m
Egypt,agypten,3672,Ibrahim Adel,Left Winger,25,FC Nordsjaelland,€2.50m
Egypt,agypten,3672,Mostafa Ziko,Left Winger,29,Pyramids FC,€1.80m
Egypt,agypten,3672,Mohamed Salah,Right Winger,33,Liverpool FC,€22.00m
Egypt,agypten,3672,Haissem Hassan,Right Winger,24,Real Oviedo,€3.50m
Egypt,agypten,3672,Zizo,Right Winger,30,Al Ahly FC,€3.50m
Egypt,agypten,3672,Omar Marmoush,Centre-Forward,27,Manchester City,€50.00m
Egypt,agypten,3672,Hamza Abdelkarim,Centre-Forward,18,FC Barcelona U19,€1.50m
Slovenia,slowenien,3588,Jan Oblak,Goalkeeper,33,Atlético de Madrid,€15.00m
Slovenia,slowenien,3588,Matevz Vidovsek,Goalkeeper,26,NK Olimpija Ljubljana,€1.00m
Slovenia,slowenien,3588,Zan-Luk Leban,Goalkeeper,23,NK Celje,€800k
Slovenia,slowenien,3588,Jaka Bijol,Centre-Back,27,Leeds United,€20.00m
Slovenia,slowenien,3588,Vanja Drkusic,Centre-Back,26,Zenit St. Petersburg,€5.00m
Slovenia,slowenien,3588,David Brekalo,Centre-Back,27,Orlando City SC,€3.50m
Slovenia,slowenien,3588,David Zec,Centre-Back,26,Holstein Kiel,€2.50m
Slovenia,slowenien,3588,Marcel Ratnik,Centre-Back,22,Al-Ain FC,€2.00m
Slovenia,slowenien,3588,Srdjan Kuzmic,Left-Back,22,Viborg FF,€2.00m
Slovenia,slowenien,3588,Jost Urbancic,Left-Back,25,NK Olimpija Ljubljana,€500k
Slovenia,slowenien,3588,Erik Janza,Left-Back,32,Górnik Zabrze,€400k
Slovenia,slowenien,3588,Zan Karnicnik,Right-Back,31,NK Celje,€700k
Slovenia,slowenien,3588,Tamar Svetlin,Defensive Midfield,24,Korona Kielce,€2.50m
Slovenia,slowenien,3588,Adrian Zeljkovic,Defensive Midfield,23,MTK Budapest,€2.00m
Slovenia,slowenien,3588,Adam Gnezda Cerin,Central Midfield,26,Panathinaikos,€4.50m
Slovenia,slowenien,3588,Sandi Lovrić,Central Midfield,28,Hellas Verona,€3.50m
Slovenia,slowenien,3588,Svit Seslar,Attacking Midfield,24,NK Celje,€2.20m
Slovenia,slowenien,3588,Tian Nai Koren,Attacking Midfield,16,Club NXT,€1.20m
Slovenia,slowenien,3588,Danijel Sturm,Left Winger,27,SK Sigma Olomouc,€2.50m
Slovenia,slowenien,3588,Tjas Begic,Left Winger,22,UC Sampdoria,€1.50m
Slovenia,slowenien,3588,Benjamin Verbic,Left Winger,32,Levadiakos,€500k
Slovenia,slowenien,3588,Aljosa Matko,Right Winger,26,Újpest FC,€1.70m
Slovenia,slowenien,3588,Zan Vipotnik,Centre-Forward,24,Swansea City,€22.00m
Slovenia,slowenien,3588,Andraz Sporar,Centre-Forward,32,Slovan Bratislava,€1.50m
Slovenia,slowenien,3588,Ester Sokler,Centre-Forward,27,FK Radnicki 1923 Kragujevac,€1.50m
Uzbekistan,usbekistan,3563,Abduvokhid Nematov,Goalkeeper,25,Nasaf Qarshi,€1.50m
Uzbekistan,usbekistan,3563,Utkir Yusupov,Goalkeeper,35,Navbahor Namangan,€500k
Uzbekistan,usbekistan,3563,Botirali Ergashev,Goalkeeper,30,Neftchi Fergana,€500k
Uzbekistan,usbekistan,3563,Abdukodir Khusanov,Centre-Back,22,Manchester City,€50.00m
Uzbekistan,usbekistan,3563,Rustam Ashurmatov,Centre-Back,29,Esteghlal FC,€750k
Uzbekistan,usbekistan,3563,Jakhongir Urozov,Centre-Back,22,Dinamo Samarqand,€600k
Uzbekistan,usbekistan,3563,Avazbek Ulmasaliev,Centre-Back,26,FC OKMK Olmaliq,€500k
Uzbekistan,usbekistan,3563,Umar Eshmurodov,Centre-Back,33,Nasaf Qarshi,€450k
Uzbekistan,usbekistan,3563,Sherzod Nasrullaev,Left-Back,27,Pakhtakor Tashkent,€1.20m
Uzbekistan,usbekistan,3563,Farrukh Sayfiev,Left-Back,35,Neftchi Fergana,€225k
Uzbekistan,usbekistan,3563,Khozhiakbar Alizhonov,Right-Back,29,Pakhtakor Tashkent,€1.30m
Uzbekistan,usbekistan,3563,Bekhruz Karimov,Right-Back,18,Surkhon Termiz,€350k
Uzbekistan,usbekistan,3563,Odildzhon Khamrobekov,Defensive Midfield,30,Tractor FC,€1.00m
Uzbekistan,usbekistan,3563,Abdulla Abdullaev,Defensive Midfield,28,Dibba SCC,€500k
Uzbekistan,usbekistan,3563,Aziz Ganiev,Central Midfield,28,Al-Bataeh CSC,€2.00m
Uzbekistan,usbekistan,3563,Otabek Shukurov,Central Midfield,29,FC Baniyas,€1.50m
Uzbekistan,usbekistan,3563,Akmal Mozgovoy,Central Midfield,27,Pakhtakor Tashkent,€1.40m
Uzbekistan,usbekistan,3563,Sherzod Esanov,Central Midfield,23,FC Buxoro,€450k
Uzbekistan,usbekistan,3563,Jamshid Iskanderov,Attacking Midfield,32,Neftchi Fergana,€1.00m
Uzbekistan,usbekistan,3563,Oston Urunov,Left Winger,25,Persepolis FC,€2.00m
Uzbekistan,usbekistan,3563,Jaloliddin Masharipov,Left Winger,32,Esteghlal FC,€1.00m
Uzbekistan,usbekistan,3563,Abbosbek Fayzullaev,Right Winger,22,Basaksehir FK,€7.00m
Uzbekistan,usbekistan,3563,Dostonbek Khamdamov,Right Winger,29,Pakhtakor Tashkent,€900k
Uzbekistan,usbekistan,3563,Eldor Shomurodov,Centre-Forward,30,Basaksehir FK,€7.00m
Uzbekistan,usbekistan,3563,Igor Sergeev,Centre-Forward,33,Persepolis FC,€1.20m
Uzbekistan,usbekistan,3563,Azizbek Amanov,Centre-Forward,28,Dinamo Samarqand,€500k
Australia,australien,3433,Mathew Ryan,Goalkeeper,34,Levante UD,€1.80m
Australia,australien,3433,Patrick Beach,Goalkeeper,22,Melbourne City FC,€1.00m
Australia,australien,3433,Paul Izzo,Goalkeeper,31,Randers FC,€500k
Australia,australien,3433,Alessandro Circati,Centre-Back,22,Parma Calcio 1913,€12.00m
Australia,australien,3433,Lucas Herrington,Centre-Back,18,Colorado Rapids,€4.50m
Australia,australien,3433,Harry Souttar,Centre-Back,27,Leicester City,€3.50m
Australia,australien,3433,Cameron Burgess,Centre-Back,30,Swansea City,€1.50m
Australia,australien,3433,Milos Degenek,Centre-Back,32,APOEL Nicosia,€450k
Australia,australien,3433,Jordan Bos,Left-Back,23,Feyenoord Rotterdam,€12.00m
Australia,australien,3433,Aziz Behich,Left-Back,35,Melbourne City FC,€250k
Australia,australien,3433,Jacob Italiano,Right-Back,24,Grazer AK 1902,€600k
Australia,australien,3433,Jason Geria,Right-Back,33,Albirex Niigata,€350k
Australia,australien,3433,Aiden O'Neill,Defensive Midfield,27,New York City FC,€3.00m
Australia,australien,3433,Kai Trewin,Defensive Midfield,25,New York City FC,€1.80m
Australia,australien,3433,Paul Okon-Engstler,Defensive Midfield,21,Sydney FC,€1.20m
Australia,australien,3433,Cammy Devlin,Central Midfield,28,Heart of Midlothian FC,€2.00m
Australia,australien,3433,Connor Metcalfe,Central Midfield,26,FC St. Pauli,€1.50m
Australia,australien,3433,Jackson Irvine,Central Midfield,33,FC St. Pauli,€1.00m
Australia,australien,3433,Ajdin Hrustic,Central Midfield,29,Heracles Almelo,€600k
Australia,australien,3433,Cristian Volpato,Attacking Midfield,22,US Sassuolo,€10.00m
Australia,australien,3433,Nishan Velupillay,Left Winger,25,Melbourne Victory,€650k
Australia,australien,3433,Awer Mabil,Left Winger,30,CD Castellón,€500k
Australia,australien,3433,Mathew Leckie,Left Winger,35,Melbourne City FC,€300k
Australia,australien,3433,Nestory Irankunda,Right Winger,20,Watford FC,€8.00m
Australia,australien,3433,Mohamed Touré,Centre-Forward,22,Norwich City,€8.00m
Australia,australien,3433,Tete Yengi,Centre-Forward,25,Machida Zelvia,€450k
Tunisia,tunesien,3670,Abdelmouhib Chamakh,Goalkeeper,24,Club Africain,€800k
Tunisia,tunesien,3670,Aymen Dahmen,Goalkeeper,29,CS Sfaxien,€800k
Tunisia,tunesien,3670,Sabri Ben Hessen,Goalkeeper,29,Etoile Sportive du Sahel,€550k
Tunisia,tunesien,3670,Montassar Talbi,Centre-Back,28,FC Lorient,€8.00m
Tunisia,tunesien,3670,Adem Arous,Centre-Back,21,Kasimpasa,€4.00m
Tunisia,tunesien,3670,Dylan Bronn,Centre-Back,30,Servette FC,€600k
Tunisia,tunesien,3670,Raed Chikhaoui,Centre-Back,21,US Monastir,€600k
Tunisia,tunesien,3670,Omar Rekik,Centre-Back,24,NK Maribor,€500k
Tunisia,tunesien,3670,Ali Abdi,Left-Back,32,OGC Nice,€2.00m
Tunisia,tunesien,3670,Mohamed Amine Ben Hamida,Left-Back,30,Esperance Tunis,€1.00m
Tunisia,tunesien,3670,Yan Valery,Right-Back,27,BSC Young Boys,€1.50m
Tunisia,tunesien,3670,Moutaz Neffati,Right-Back,21,IFK Norrköping,€1.20m
Tunisia,tunesien,3670,Ellyes Skhiri,Defensive Midfield,31,Eintracht Frankfurt,€5.00m
Tunisia,tunesien,3670,Rani Khedira,Defensive Midfield,32,1.FC Union Berlin,€2.00m
Tunisia,tunesien,3670,Mohamed Belhadj Mahmoud,Defensive Midfield,26,FC Lugano,€2.00m
Tunisia,tunesien,3670,Anis Ben Slimane,Central Midfield,25,Norwich City,€4.00m
Tunisia,tunesien,3670,Hannibal,Attacking Midfield,23,Burnley FC,€15.00m
Tunisia,tunesien,3670,Ismaël Gharbi,Left Winger,22,FC Augsburg,€5.00m
Tunisia,tunesien,3670,Sebastian Tounekti,Left Winger,23,Celtic FC,€5.00m
Tunisia,tunesien,3670,Elias Achouri,Left Winger,27,FC Copenhagen,€3.00m
Tunisia,tunesien,3670,Elias Saad,Left Winger,26,Hannover 96,€2.00m
Tunisia,tunesien,3670,Mortadha Ben Ouanes,Left Winger,31,Kasimpasa,€1.50m
Tunisia,tunesien,3670,Khalil Ayari,Right Winger,21,Paris Saint-Germain Espoirs,€1.00m
Tunisia,tunesien,3670,Firas Chaouat,Centre-Forward,30,Club Africain,€1.20m
Tunisia,tunesien,3670,Hazem Mastouri,Centre-Forward,28,Dinamo Makhachkala,€900k
Tunisia,tunesien,3670,Rayan Elloumi,Centre-Forward,18,Vancouver Whitecaps FC,€800k
Chile,chile,3700,Brayan Cortés,Goalkeeper,31,AA Argentinos Juniors,€2.00m
Chile,chile,3700,Thomas Gillier,Goalkeeper,22,CF Montréal,€1.80m
Chile,chile,3700,Lawrence Vigouroux,Goalkeeper,32,Swansea City,€450k
Chile,chile,3700,Guillermo Maripán,Centre-Back,32,Torino FC,€2.00m
Chile,chile,3700,Iván Román,Centre-Back,19,Clube Atlético Mineiro,€1.50m
Chile,chile,3700,Francisco Sierralta,Centre-Back,29,AJ Auxerre,€1.20m
Chile,chile,3700,Igor Lichnovsky,Centre-Back,32,Fatih Karagümrük,€800k
Chile,chile,3700,Gabriel Suazo,Left-Back,28,Sevilla FC,€6.00m
Chile,chile,3700,Diego Ulloa,Left-Back,22,CSD Colo-Colo,€500k
Chile,chile,3700,Fabián Hormazábal,Right-Back,30,Club Universidad de Chile,€2.50m
Chile,chile,3700,Felipe Faúndez,Right-Back,20,CD O'Higgins,€550k
Chile,chile,3700,Vicente Pizarro,Defensive Midfield,23,CA Rosario Central,€4.50m
Chile,chile,3700,Rodrigo Echeverría,Defensive Midfield,31,Club León FC,€2.50m
Chile,chile,3700,Víctor Méndez,Defensive Midfield,26,CSD Colo-Colo,€1.20m
Chile,chile,3700,Felipe Loyola,Central Midfield,25,Pisa Sporting Club,€7.00m
Chile,chile,3700,Matías Sepúlveda,Left Midfield,27,CA Lanús,€1.20m
Chile,chile,3700,Lautaro Millán,Attacking Midfield,20,CA Independiente,€2.50m
Chile,chile,3700,Nils Reichmuth,Attacking Midfield,24,FC Thun,€1.00m
Chile,chile,3700,Agustín Arce,Attacking Midfield,21,Club Universidad de Chile,€400k
Chile,chile,3700,Lucas Cepeda,Left Winger,23,Elche CF,€2.50m
Chile,chile,3700,Clemente Montes,Left Winger,25,CD Universidad Católica,€1.00m
Chile,chile,3700,Darío Osorio,Right Winger,22,FC Midtjylland,€15.00m
Chile,chile,3700,Maximiliano Gutiérrez,Right Winger,22,CA Independiente,€3.00m
Chile,chile,3700,Gonzalo Tapia,Centre-Forward,24,São Paulo Futebol Clube,€3.50m
Chile,chile,3700,Iván Morales,Centre-Forward,26,AA Argentinos Juniors,€1.00m
South Africa,sudafrika,3806,Sipho Chaine,Goalkeeper,29,Orlando Pirates,€1.60m
South Africa,sudafrika,3806,Ronwen Williams,Goalkeeper,34,Mamelodi Sundowns FC,€800k
South Africa,sudafrika,3806,Ricardo Goss,Goalkeeper,32,Siwelele Football Club ,€350k
South Africa,sudafrika,3806,Mbekezeli Mbokazi,Centre-Back,20,Chicago Fire FC,€3.50m
South Africa,sudafrika,3806,Ime Okon,Centre-Back,22,Hannover 96,€2.00m
South Africa,sudafrika,3806,Olwethu Makhanya,Centre-Back,22,Philadelphia Union,€2.00m
South Africa,sudafrika,3806,Nkosinathi Sibisi,Centre-Back,30,Orlando Pirates,€1.60m
South Africa,sudafrika,3806,Khulumani Ndamane,Centre-Back,22,Mamelodi Sundowns FC,€1.20m
South Africa,sudafrika,3806,Samukele Kabini,Left-Back,22,Molde FK,€2.50m
South Africa,sudafrika,3806,Aubrey Modiba,Left-Back,30,Mamelodi Sundowns FC,€1.80m
South Africa,sudafrika,3806,Bradley Cross,Left-Back,25,Kaizer Chiefs,€1.00m
South Africa,sudafrika,3806,Thabang Matuludi,Right-Back,27,Polokwane City FC,€1.20m
South Africa,sudafrika,3806,Khuliso Mudau,Right-Back,31,Mamelodi Sundowns FC,€1.20m
South Africa,sudafrika,3806,Kamogelo Sebelebele,Right-Back,23,Orlando Pirates,€1.20m
South Africa,sudafrika,3806,Teboho Mokoena,Defensive Midfield,29,Mamelodi Sundowns FC,€2.80m
South Africa,sudafrika,3806,Thalente Mbatha,Central Midfield,26,Orlando Pirates,€2.00m
South Africa,sudafrika,3806,Jayden Adams,Central Midfield,25,Mamelodi Sundowns FC,€1.80m
South Africa,sudafrika,3806,Yaya Sithole,Central Midfield,27,CD Tondela,€600k
South Africa,sudafrika,3806,Themba Zwane,Attacking Midfield,36,Mamelodi Sundowns FC,€250k
South Africa,sudafrika,3806,Relebohile Mofokeng,Left Winger,21,Orlando Pirates,€3.00m
South Africa,sudafrika,3806,Oswin Appollis,Left Winger,24,Orlando Pirates,€2.50m
South Africa,sudafrika,3806,Tshepang Moremi,Left Winger,25,Orlando Pirates,€1.40m
South Africa,sudafrika,3806,Thapelo Maseko,Left Winger,22,AEL Limassol,€750k
South Africa,sudafrika,3806,Lyle Foster,Centre-Forward,25,Burnley FC,€8.00m
South Africa,sudafrika,3806,Iqraam Rayners,Centre-Forward,30,Mamelodi Sundowns FC,€2.80m
South Africa,sudafrika,3806,Evidence Makgopa,Centre-Forward,26,Orlando Pirates,€1.40m
Saudi Arabia,saudi-arabien,3807,Nawaf Al-Aqidi,Goalkeeper,26,Al-Nassr FC,€650k
Saudi Arabia,saudi-arabien,3807,Mohammed Al-Owais,Goalkeeper,34,Al-Ula FC,€275k
Saudi Arabia,saudi-arabien,3807,Ahmed Al-Kassar,Goalkeeper,35,Al-Qadsiah FC,€175k
Saudi Arabia,saudi-arabien,3807,Hassan Tambakti,Centre-Back,27,Al-Hilal SFC,€1.80m
Saudi Arabia,saudi-arabien,3807,Abdulelah Al-Amri,Centre-Back,29,Al-Nassr FC,€1.40m
Saudi Arabia,saudi-arabien,3807,Jehad Thakri,Centre-Back,24,Al-Qadsiah FC,€1.20m
Saudi Arabia,saudi-arabien,3807,Ali Lajami,Centre-Back,30,Al-Hilal SFC,€750k
Saudi Arabia,saudi-arabien,3807,Moteb Al-Harbi,Left-Back,26,Al-Hilal SFC,€1.40m
Saudi Arabia,saudi-arabien,3807,Ayman Yahya,Left-Back,25,Al-Nassr FC,€1.20m
Saudi Arabia,saudi-arabien,3807,Hassan Kadesh,Left-Back,33,Al-Ittihad Club,€275k
Saudi Arabia,saudi-arabien,3807,Saud Abdulhamid,Right-Back,26,RC Lens,€9.00m
Saudi Arabia,saudi-arabien,3807,Mohammed Abu Al-Shamat,Right-Back,23,Al-Qadsiah FC,€1.80m
Saudi Arabia,saudi-arabien,3807,Ali Majrashi,Right-Back,26,Al-Ahli SFC,€1.40m
Saudi Arabia,saudi-arabien,3807,Nawaf Boushal,Right-Back,26,Al-Nassr FC,€1.40m
Saudi Arabia,saudi-arabien,3807,Ziyad Al-Johani,Defensive Midfield,24,Al-Ahli SFC,€800k
Saudi Arabia,saudi-arabien,3807,Abdullah Al-Khaibari,Defensive Midfield,29,Al-Nassr FC,€750k
Saudi Arabia,saudi-arabien,3807,Musab Al-Juwayr,Central Midfield,22,Al-Qadsiah FC,€6.00m
Saudi Arabia,saudi-arabien,3807,Nasser Al-Dawsari,Central Midfield,27,Al-Hilal SFC,€900k
Saudi Arabia,saudi-arabien,3807,Mohamed Kanno,Central Midfield,31,Al-Hilal SFC,€800k
Saudi Arabia,saudi-arabien,3807,Alaa Hejji,Central Midfield,30,NEOM SC,€300k
Saudi Arabia,saudi-arabien,3807,Khalid Al-Ghannam,Left Winger,25,Al-Ettifaq FC,€2.50m
Saudi Arabia,saudi-arabien,3807,Salem Al-Dawsari,Left Winger,34,Al-Hilal SFC,€1.20m
Saudi Arabia,saudi-arabien,3807,Sultan Mandash,Right Winger,31,Al-Hilal SFC,€350k
Saudi Arabia,saudi-arabien,3807,Firas Al-Buraikan,Centre-Forward,26,Al-Ahli SFC,€3.50m
Saudi Arabia,saudi-arabien,3807,Saleh Al-Shehri,Centre-Forward,32,Al-Ittihad Club,€500k
Saudi Arabia,saudi-arabien,3807,Abdullah Al-Hamdan,Centre-Forward,26,Al-Nassr FC,€350k
New Zealand,neuseeland,9171,Max Crocombe,Goalkeeper,32,Millwall FC,€1.00m
New Zealand,neuseeland,9171,Alex Paulsen,Goalkeeper,23,Lechia Gdansk,€500k
New Zealand,neuseeland,9171,Michael Woud,Goalkeeper,27,Auckland FC,€400k
New Zealand,neuseeland,9171,Tyler Bindon,Centre-Back,21,Sheffield United,€3.50m
New Zealand,neuseeland,9171,Finn Surman,Centre-Back,22,Portland Timbers,€1.80m
New Zealand,neuseeland,9171,Nando Pijnaker,Centre-Back,27,Auckland FC,€400k
New Zealand,neuseeland,9171,Michael Boxall,Centre-Back,37,Minnesota United FC,€150k
New Zealand,neuseeland,9171,Tommy Smith,Centre-Back,36,Braintree Town,€50k
New Zealand,neuseeland,9171,Liberato Cacace,Left-Back,25,Wrexham AFC,€2.50m
New Zealand,neuseeland,9171,Ben Old,Left-Back,23,AS Saint-Étienne,€1.80m
New Zealand,neuseeland,9171,Francis de Vries,Left-Back,31,Auckland FC,€600k
New Zealand,neuseeland,9171,Callan Elliot,Right-Back,26,Auckland FC,€450k
New Zealand,neuseeland,9171,Tim Payne,Right-Back,32,Wellington Phoenix,€350k
New Zealand,neuseeland,9171,Joe Bell,Defensive Midfield,27,Viking FK,€3.50m
New Zealand,neuseeland,9171,Ryan Thomas,Defensive Midfield,31,PEC Zwolle,€650k
New Zealand,neuseeland,9171,Alex Rufer,Defensive Midfield,29,Wellington Phoenix,€600k
New Zealand,neuseeland,9171,Marko Stamenić,Central Midfield,24,Swansea City,€3.00m
New Zealand,neuseeland,9171,Lachlan Bayliss,Central Midfield,23,Newcastle United Jets,€550k
New Zealand,neuseeland,9171,Matthew Garbett,Central Midfield,24,Peterborough United,€450k
New Zealand,neuseeland,9171,Callum McCowatt,Attacking Midfield,27,Silkeborg IF,€2.50m
New Zealand,neuseeland,9171,Sarpreet Singh,Attacking Midfield,27,Wellington Phoenix,€500k
New Zealand,neuseeland,9171,Jesse Randall,Left Winger,23,Auckland FC,€900k
New Zealand,neuseeland,9171,Elijah Just,Right Winger,26,Motherwell FC,€2.50m
New Zealand,neuseeland,9171,Chris Wood,Centre-Forward,34,Nottingham Forest,€5.00m
New Zealand,neuseeland,9171,Ben Waine,Centre-Forward,24,Port Vale FC,€400k
New Zealand,neuseeland,9171,Kosta Barbarouses,Centre-Forward,36,Western Sydney Wanderers,€300k
Iran,iran,3582,Payam Niazmand,Goalkeeper,31,Persepolis FC,€700k
Iran,iran,3582,Alireza Beiranvand,Goalkeeper,33,Tractor FC,€650k
Iran,iran,3582,Seyed Hossein Hosseini,Goalkeeper,33,Sepahan FC,€500k
Iran,iran,3582,Hossein Kanaani,Centre-Back,32,Persepolis FC,€1.60m
Iran,iran,3582,Danial Eiri,Centre-Back,22,Malavan Bandar Anzali,€1.00m
Iran,iran,3582,Ali Nemati,Centre-Back,30,Foolad FC,€550k
Iran,iran,3582,Shoja Khalilzadeh,Centre-Back,37,Tractor FC,€100k
Iran,iran,3582,Milad Mohammadi,Left-Back,32,Persepolis FC,€900k
Iran,iran,3582,Ehsan Hajsafi,Left-Back,36,Sepahan FC,€250k
Iran,iran,3582,Arya Yousefi,Right-Back,24,Sepahan FC,€1.50m
Iran,iran,3582,Saleh Hardani,Right-Back,27,Esteghlal FC,€800k
Iran,iran,3582,Ramin Rezaeian,Right-Back,36,Foolad FC,€250k
Iran,iran,3582,Saeed Ezatolahi,Defensive Midfield,29,Shabab Al-Ahli Club,€1.80m
Iran,iran,3582,Mohammad Ghorbani,Defensive Midfield,25,Al-Wahda FC,€1.20m
Iran,iran,3582,Roozbeh Cheshmi,Defensive Midfield,32,Esteghlal FC,€450k
Iran,iran,3582,Amirmohammad Razzaghinia,Central Midfield,20,Esteghlal FC,€1.20m
Iran,iran,3582,Saman Ghoddos,Attacking Midfield,32,Kalba FC,€1.20m
Iran,iran,3582,Mehdi Ghayedi,Left Winger,27,Al-Nasr SC (UAE),€4.50m
Iran,iran,3582,Mohammad Mohebi,Left Winger,27,FC Rostov,€2.50m
Iran,iran,3582,Mehdi Torabi,Left Winger,31,Tractor FC,€1.20m
Iran,iran,3582,Alireza Jahanbakhsh,Right Winger,32,FCV Dender EH,€500k
Iran,iran,3582,Amirhossein Hosseinzadeh,Centre-Forward,25,Tractor FC,€2.20m
Iran,iran,3582,Mehdi Taremi,Centre-Forward,33,Olympiacos Piraeus,€2.00m
Iran,iran,3582,Dennis Eckert Ayensa,Centre-Forward,29,Standard Liège,€2.00m
Iran,iran,3582,Ali Alipour,Centre-Forward,30,Persepolis FC,€1.70m
Iran,iran,3582,Shahriar Moghanlou,Centre-Forward,31,Kalba FC,€800k
Peru,peru,3584,Pedro Gallese,Goalkeeper,36,Deportivo Cali,€350k
Peru,peru,3584,Matías Córdova,Goalkeeper,24,Comerciantes Unidos,€350k
Peru,peru,3584,Alejandro Duarte,Goalkeeper,32,Club Alianza Lima,€325k
Peru,peru,3584,Fabio Gruber,Centre-Back,23,1.FC Nuremberg,€3.00m
Peru,peru,3584,Renzo Garcés,Centre-Back,29,Club Alianza Lima,€1.30m
Peru,peru,3584,Matías Lazo,Centre-Back,22,FBC Melgar,€1.20m
Peru,peru,3584,Marcos López,Left-Back,26,FC Copenhagen,€4.00m
Peru,peru,3584,Oliver Sonne,Right-Back,25,AC Sparta Prague,€4.00m
Peru,peru,3584,Marco Huamán,Right-Back,23,Club Alianza Lima,€600k
Peru,peru,3584,Erick Noriega,Defensive Midfield,24,Grêmio Foot-Ball Porto Alegrense,€5.00m
Peru,peru,3584,Alfonso Barco,Defensive Midfield,24,HNK Rijeka,€850k
Peru,peru,3584,Jesús Pretell,Defensive Midfield,27,LDU Quito,€500k
Peru,peru,3584,Jairo Concha,Central Midfield,27,Universitario de Deportes,€1.60m
Peru,peru,3584,André Carrillo,Central Midfield,34,Sport Club Corinthians Paulista,€800k
Peru,peru,3584,Adrián Quiroz,Central Midfield,27,CD Los Chankas,€450k
Peru,peru,3584,Yoshimar Yotún,Central Midfield,36,Club Sporting Cristal,€225k
Peru,peru,3584,Jairo Vélez,Attacking Midfield,31,Club Alianza Lima,€700k
Peru,peru,3584,Rodrigo Vilca,Attacking Midfield,27,Comerciantes Unidos,€400k
Peru,peru,3584,Kenji Cabrera,Left Winger,23,Vancouver Whitecaps FC,€1.60m
Peru,peru,3584,Maxloren Castro,Left Winger,18,Club Sporting Cristal,€1.20m
Peru,peru,3584,Matias Zegarra,Left Winger,19,FBC Melgar,€700k
Peru,peru,3584,Bassco Soyer,Left Winger,19,Gil Vicente U23,€200k
Peru,peru,3584,Adrián Ugarriza,Centre-Forward,29,Ironi Kiryat Shmona,€450k
Peru,peru,3584,Jhonny Vidales,Centre-Forward,34,FBC Melgar,€225k
Iraq,irak,3560,Ahmed Basil Fadhil,Goalkeeper,29,Al-Shorta SC,€450k
Iraq,irak,3560,Fahad Talib,Goalkeeper,31,Al-Talaba SC,€375k
Iraq,irak,3560,Jalal Hassan,Goalkeeper,35,Al-Zawraa SC,€250k
Iraq,irak,3560,Akam Hashem,Centre-Back,27,Al-Zawraa SC,€700k
Iraq,irak,3560,Zaid Tahseen,Centre-Back,25,Pakhtakor Tashkent,€600k
Iraq,irak,3560,Frans Dhia Putros,Centre-Back,32,PERSIB Bandung,€325k
Iraq,irak,3560,Manaf Younis,Centre-Back,29,Al-Shorta SC,€300k
Iraq,irak,3560,Rebin Sulaka,Centre-Back,34,Port FC,€100k
Iraq,irak,3560,Merchas Doski,Left-Back,26,FC Viktoria Plzen,€1.70m
Iraq,irak,3560,Ahmed Maknzi,Left-Back,24,Al-Karma,€450k
Iraq,irak,3560,Hussein Ali,Right-Back,24,Pogon Szczecin,€400k
Iraq,irak,3560,Mustafa Saadoon,Right-Back,25,Al-Shorta SC,€350k
Iraq,irak,3560,Amir Al-Ammari,Defensive Midfield,28,Cracovia,€1.00m
Iraq,irak,3560,Zaid Ismail,Defensive Midfield,24,Al-Talaba SC,€500k
Iraq,irak,3560,Aimar Sher,Central Midfield,23,Sarpsborg 08 FF,€1.50m
Iraq,irak,3560,Zidane Iqbal,Central Midfield,23,FC Utrecht U21,€1.00m
Iraq,irak,3560,Kevin Yakob,Central Midfield,25,Aarhus GF,€850k
Iraq,irak,3560,Ibrahim Bayesh,Attacking Midfield,26,Al-Dhafra FC,€800k
Iraq,irak,3560,Marko Farji,Left Winger,22,Venezia FC,€1.70m
Iraq,irak,3560,Youssef Amyn,Left Winger,22,AEK Larnaca,€550k
Iraq,irak,3560,Ali Jasim,Left Winger,22,Al-Najma SC,€500k
Iraq,irak,3560,Ahmed Qasem,Right Winger,22,Nashville SC,€3.50m
Iraq,irak,3560,Ali Al-Hamadi,Centre-Forward,24,Luton Town,€1.50m
Iraq,irak,3560,Mohanad Ali,Centre-Forward,25,Dibba SCC,€1.20m
Iraq,irak,3560,Aymen Hussein,Centre-Forward,30,Al-Karma,€400k
Iraq,irak,3560,Ali Yousif,Centre-Forward,30,Al-Talaba SC,€200k
Qatar,katar,14162,Meshaal Barsham,Goalkeeper,28,Al-Sadd SC,€700k
Qatar,katar,14162,Mahmoud Abunada,Goalkeeper,26,Al-Rayyan SC,€400k
Qatar,katar,14162,Salah Zakaria,Goalkeeper,27,Al-Duhail SC,€400k
Qatar,katar,14162,Lucas Mendes,Centre-Back,35,Al-Wakrah SC,€350k
Qatar,katar,14162,Al-Hashmi Al-Hussain,Centre-Back,22,Al-Arabi SC,€250k
Qatar,katar,14162,Issa Laye,Centre-Back,28,Al-Arabi SC,€200k
Qatar,katar,14162,Boualem Khoukhi,Centre-Back,35,Al-Sadd SC,€200k
Qatar,katar,14162,Pedro Miguel,Centre-Back,35,Al-Sadd SC,€150k
Qatar,katar,14162,Homam Al-Amin,Left-Back,26,Cultural Leonesa,€500k
Qatar,katar,14162,Sultan Al-Brake,Left-Back,30,Al-Duhail SC,€300k
Qatar,katar,14162,Ayoub Al-Oui,Right-Back,21,Al-Gharafa SC,€375k
Qatar,katar,14162,Jassem Gaber,Defensive Midfield,24,Al-Rayyan SC,€500k
Qatar,katar,14162,Mohamed Al-Mannai,Defensive Midfield,22,Al-Shamal SC,€500k
Qatar,katar,14162,Assim Madibo,Defensive Midfield,29,Al-Wakrah SC,€350k
Qatar,katar,14162,Ahmed Fathi,Defensive Midfield,33,Al-Arabi SC,€250k
Qatar,katar,14162,Karim Boudiaf,Defensive Midfield,35,Al-Duhail SC,€175k
Qatar,katar,14162,Abdulaziz Hatim,Central Midfield,35,Al-Rayyan SC,€250k
Qatar,katar,14162,Hasan Al-Haydos,Attacking Midfield,35,Al-Sadd SC,€300k
Qatar,katar,14162,Akram Afif,Left Winger,29,Al-Sadd SC,€8.00m
Qatar,katar,14162,Edmílson Junior,Left Winger,31,Al-Duhail SC,€1.80m
Qatar,katar,14162,Yusuf Abdurisag,Left Winger,26,Al-Wakrah SC,€275k
Qatar,katar,14162,Tahsin Mohammed Jamshid,Left Winger,19,Al-Duhail SC,€200k
Qatar,katar,14162,Ahmed Al-Ganehi,Right Winger,25,Al-Gharafa SC,€500k
Qatar,katar,14162,Almoez Ali,Centre-Forward,29,Al-Duhail SC,€2.50m
Qatar,katar,14162,Ahmed Alaaeldin,Centre-Forward,33,Al-Rayyan SC,€300k
Qatar,katar,14162,Mohammed Muntari,Centre-Forward,32,Al-Gharafa SC,€200k
